shop_id;global_shop_name
24300;Desigual
16119;003
13527;1 And 1
26665;1800 Contacts
28460;1800 Flowers
26576;1 And 1
7074;121 Doc
21836;123 Reg
28009;123 Citytrip
22031;123 Milhas
28069;123 Pneus
17089;123
27843;1 2 Fly
27711;1800 Flowers
6284;1 And 1
9007;1 And 1
10436;1 And 1
15935;1 Click
26485;1 And 1
23482;23 And Me
23426;23 And Me
20343;2 Berega
5549;3 Suisses
26014;31 Dover
24553;31 Dover
23188;365 Games
23385;365 Games
11733;4 F
7414;4 Football
1521;4 Gift
8411;4 Home
8412;4 Home
9376;4 Kom
11340;5 10 15
6566;5 10 15
11738;50 Style
1336;50 Style
16569;50 Style
5776;5 Vorflug
19269;6 Pm
13276;888 Casino
17708;888 Poker
10458;888 Sport
10457;888 Sport
26399;99 Apps
26016;999 Inks
16981;99 Taxis
13435;9 Design
3964;A Alvarez
5965;A and O Hostels
5542;A and O Hostels
27844;A and O Hostels
12723;A2 Mobile
3150;Abba Hoteles
9052;Abba Hoteles
14428;Abba Hoteles
5731;Abby Dress
10687;ABC Fitness
4632;Abe Books
27975;Abeille Heureuse
22848;About You
24305;About You
11739;Abra
9537;Abra
26334;Abritel
28394;Academy
28170;Academy
22081;Accessorize
5670;Accor Hotels
10857;Accor Hotels
8911;Accor Hotels
3156;Accor Hotels
1289;Accor Hotels
28395;Ace Cash Express
27709;Ace Hardware
22835;Acer
22892;Achica
16155;Acoola
23617;ActievandeDag
11497;Activ
1582;Active Shop
13543;Acycles
8849;Ad Loving Home
26590;Ad Webwinkel
28173;Adam And Eve
26806;Adamas
28396;Adam And Eve
2412;Adidas
5692;Adidas
18178;Adidas
20194;Adobe
9816;Adobe
9458;Adolfo Dominguez
9350;Adolfo Dominguez
19263;Advance Auto Parts
10859;Aer Lingus
9053;Aer Lingus
3465;Aer Lingus
26609;Aeropostale
6131;Agapea
15308;Agata Meble
2240;Agent Provocateur
11345;Agito
10489;Agoda
23035;Aida
3497;Air Europa
8694;Air Europa
7837;Air France
9056;Air France
28709;Air Italy
6433;AirBaltic
10160;AirBaltic
6555;Airbnb
23370;Airparks
23468;Airparks
26020;Airport Taxis
18476;Akson
3137;Aladinia
27363;Alamo
23345;Alamy
5884;Alba Moda
23631;Albelli
23611;Albert Heijn
3000;Auchan
17026;Aldorado
28397;Aldo Shoes
22807;Aleupominek
22805;Aleupominek
28178;Alex And Ani
18880;Alfasan
10640;Alfasan
15559;Aliexpress
28179;Alibaba
9429;Alibaba
1241;Aliexpress
8563;Aliexpress
7021;Aliexpress
28910;Aliexpress
7326;Aligoo
22355;Alior Bank
22354;Alior Bank
5925;All Australian
3013;AllSaints
8781;AllSaints
5997;All Season Parks
21860;AllBeauty
11279;Allegro
27846;Alles Vegetarisch
1296;Allianz
3015;AllPosters
8785;AllPosters
14123;AllSaints
27910;AllSole
17024;AllTime
27994;Alltours
5988;Allvendo
28398;Ally Invest
11450;Almi Decor
6259;Quelle
22925;Alpinetrek
3496;Alsa
1439;Alsen
6403;Alsen
3026;Alternate
8786;Alternate
26454;Alton Towers
26588;Amac
3669;Amantis
8720;Amantis
12202;Amaro
15848;Amascotados
519;Amazon
8492;Amazon
5427;Amazon
5862;Amazon
9457;Amazon
5662;Ambellis
3786;Amena
8787;Amena
27703;American Eagles Outfitters
523;Americanas
28712;Amica Farmacia
5922;Amirior
23091;Amoma
19806;Amoma
19803;Amoma
5626;Ana Alcazar
3534;Anastore
20197;Ancestry
18077;Andorra Free Market
23231;Andrew Martin
15810;Angeloni Eletro
5696;Angelplatz
1322;Ania Kruk
6280;Animalear
8726;Animalear
27847;Animod
21961;Ann Summers
27701;Ann Taylor
11222;Answear
1302;Answear
6366;Answear
25992;Anwb
23348;Anyvan
16118;Anywayanyday
26376;Ao
20198;Ao
7896;Apart
26024;Aph
6991;Api Miodek
11772;Api Miodek
1286;Apple
26669;Itunes
28016;Apple
14180;Apple
28186;Apple
22653;Appliances Direct
22493;Appliances Direct
23299;Approved Food
19933;Apteka367
21692;Aqualandia
3044;Aquarelle
10703;Aquopolis
7189;Archon
6258;Area2Buy
24321;Arena
24320;Arena
23377;Argento
20199;Argos
24689;Argus Car Hire
26027;Argus Car Hire
16439;Aristocrazy
10540;Arkana
5657;Armani
12749;Armeria Alvarez
5674;Arqueonautas
5732;Arshabitandi
24417;Art
25772;Art
23342;Artfinder
27848;Artdeco
12895;Artelioni
23428;Artfinder
11287;Aryton
1568;Aryton
27849;Asambeauty
19887;Asda
22649;Asda
16295;Ashan
28092;Ashley Homestore
27699;Ashley Stewart
11292;Asics
11148;Asics
20012;Askona Askona
2216;Asos
8498;Asos
1399;Asos
18416;Astratex
18414;Astratex
26029;Atg Tickets
28400;Athleta
5533;Atlas For Men
3761;Atrapalo
8550;Atrapalo
24754;Ats Euromaster
27698;Att
26030;Attitude Clothing
26031;Attraction Tickets Direct
27850;Atu
20787;Atwora
20771;Atwora
11786;Auchan
6465;Auchan
28188;Audible
11788;Audiobook
1602;Audioteka
11354;Audioteka
1304;Aurore
12174;Aurore
10352;Aussar
10481;Aussar
11791;Auto Europe
28778;Autobandenmarkt
20493;Autoclick Rentacar
28401;Autodesk
22841;Autodesk
26032;Autosessive
27851;Autoteiledirekt
27795;Autozone
11362;Avans
1666;Avans
7443;Avanti
7265;Avanti
11792;Avanti
14568;Avanzabus
3041;Avanzabus
8789;Avanzabus
7184;Avaro
4363;Avast
21006;Avast
10842;Ave
6582;Aventuramania
8912;Aventuramania
28402;Avenue
2541;Avg
21021;Avg
9820;Avg
2626;Avg
2689;Avianca
1743;Aviasales
28332;Aviodrome
2183;Avira
3035;Avis
11796;Aviva
20201;Aviva
7325;Aviva
5570;Avocadostore
11422;Avon
1577;Avon
5916;Ax Paris
8152;Axa
11797;Axa
1505;Axa
18288;Axa
23546;Axa
3561;Ayre Hoteles
9152;Ayre Hoteles
11798;Az
24283;Azimo
16844;Azul
21581;B and Q
20202;B and Q
8426;B The Travel Brand
3907;Babbel
21289;Babies R Us
8167;Babies R Us
5656;Babymarkt
26545;Baby Travel
26543;Baby Travel
22991;Baby Walz
5573;Baby Walz
5550;Baby Butt
27852;Babymarkt
28403;Backcountry
18757;Back Market
27853;Bader
5608;Badmoebel Direkt
7712;Badura
13890;Bagalier
5734;Bagsonline
3461;Bahia Principe
9059;Bahia Principe
23341;Baker Ross
5982;Bakker
5856;Baldur Garten
12936;Balearia
9891;Balearia
28404;Balfour
6307;Balladine
1504;Ballarini
20677;Banak Importa
23292;Banana Republic
9500;Banana Republic
5609;Bandyshirt
5901;Bandyshirt
11801;Banggood
4070;Banggood
8778;Banggood
26706;Banggood
18921;Banggood
9837;Banggood
18754;Bank Millennium
18752;Bank Millennium
22136;Bank Pekao Sa
22134;Bank Pekao Sa
17493;Bankia On
23659;Bankinter
2274;Barcelo
2611;Barcelo
8527;Barcelo
28465;Barclays
13287;Bardotti
19266;Barnes Noble
27693;Barneys New York
1635;Barokko
26037;Base
21105;Basketo
21103;Basketo
27692;Bass Pro Shops
11451;Bata
9181;Bata
28233;Bath Body Works
26038;Bathrooms
23451;Bathstore
27854;Baur
5430;Baur
1606;Bayla
20457;Bblandia
6138;Bbqexperte
23653;Bbva
12869;Bdkarma
1413;Bdsklep
12929;Bdsklep
7017;Bdsklep
11806;Bdsklep
3218;Be Live Hotels
10880;Be Live Hotels
9154;Be Live Hotels
27691;Beachbody
19291;Bealls
28760;Bealls
5757;Beate Uhse
13166;Beautiful Box
11807;Beautikon
7110;Beautikon
21179;Beauty Expert
23325;BeautyFusion
26039;Beaverbrooks
16809;Beba Kids
3486;Bebe Concept
10422;Bebe De Paris
16903;Bebe Store
8397;Bebe De Paris
6480;Bebitus
8496;Bebitus
5610;Becker
28480;BeCompact
24845;Beekse Bergen
17086;Beeline
26041;Beer Hawk
1678;Beglossy
12667;Bein Sports
7846;BeJeans
16888;Beleza Na Web
28818;Belk
18241;Bellastoria
18239;Bellastoria
5587;Bellybutton
5977;Belmoba
26355;Bemz
23378;Benefit Cosmetics
26043;Bensons For Beds
5859;Benuta
28903;Bergdorf Goodman
6052;Berge Meer
5877;Berge Meer
24854;Bergfreunde
6374;Bergfreunde
11810;Bergner
24855;Bergzeit
5773;Berlin Pass
5902;Berlinerhonig
5611;Berndes
12751;Bershka
5564;Besser Gehen
15230;Best Buy
26044;Best Heating
3513;Best Hoteles
12752;Best Hoteles
5770;Best Koffer
5703;Best Western
13217;Best Western
5457;Bestebadezimmer
1774;Bestwatch
5454;Bet At Home
4098;Bet365
28865;Beter Bed
4099;Betfair
5636;Betreut
21983;Betsson
5789;Bettenrid
5458;Bettkonzept
5979;Bettwaren
23015;Betway Live Casino
28940;Beyond Proper
5718;Bh Cosmetics
8385;Bh Mallorca
26492;Bibloo
15306;Bibloo
3247;Bicimarket
11109;Bicimarket
11529;Biedronka
26046;Big Bathroom Shop
11430;Big Star
1539;Big Star
26047;Big Yellow
24957;Biggeek
1791;Biglion
18528;Bike Belle
11563;Bike Belle
24862;Bike24
8168;Bikeinn
10563;Bikesalon
12879;Bikestacja
11820;Bilety Lotnicze
10840;Ave
5509;Billigflug
5904;Billigflug
5612;Billomat
2995;Bimba Y Lola
5805;Bio Naturel
20973;Biogo
20971;Biogo
17923;Biolinea
12278;Bip&Drive
6579;Birchbox
8732;Birchbox
22082;Birchbox
4079;Bitdefender
18490;Bitdefender
9060;Bitdefender
10888;Biuky
8735;Biuky
3665;Biuky
24468;Bizuteria Eshop
24448;Bizuteria Eshop
28819;Bjs Wholesale Club
7713;Blablacar
9498;Blablacar
7917;Black Red White
25987;Black Red White
23007;Blackcircles
22905;Blacks
28095;Blair
1553;Blancz
5638;Blaupunkt
26673;Blinds
8100;Blisko Ciala
26379;Blokker
25191;Bloom And Wild
22717;Bloomingdales
13570;Bludshop
9357;Bludshop
28467;Blue Apron
24479;Blue Nile
3020;Blue Tomato
1527;Bluestilo
5585;Blume 2000
27857;Blume 2000
5895;Blume 2000
5613;Blumenfee
5861;Blumenfee
5792;Blumenonline
5801;Bluvesa
26599;Bnext
11834;Bnp Paribas
23071;Bnp Paribas
14349;BobShop
26052;Bobbi Brown
3418;BobShop
6703;Bodeboca
5602;Boden
27858;Boden
27859;Body Attack
23058;Bodybuilding
19285;Bodybuilding
20438;Bodypak
20436;Bodypak
23449;Boilerjuice
23613;Bol
5532;Bol
26800;Boldking
1400;Bonprix
17521;Bonami
5423;Bonaparte
21896;Bondara
23629;Bongo
23097;Bonmarche
11079;Bono Betfair
11627;Perfumes
10415;Volotea
28333;Bonobos
1878;Bonprix
5433;Bonprix
7400;Boohoo
8619;Boohoo
22492;Boohooman
25065;Boohooman
22883;Book Depository
21742;Book People
6508;Booking
8898;Booking
2094;Booking
13579;Booking
11837;Booking
28023;Booking
21251;Book People
19863;Boots
18803;Born2Be
18801;Born2Be
6950;Bosch Home
23123;Bose
5493;Bose
4117;Botemania
6556;Botiquelamonde
3193;Bottega Verde
8739;Bottega Verde
28772;Bouqs
23484;Boux Avenue
28406;Bowflex
5504;Boxhaus
6769;Bq
9832;Bq
22465;Brand Alley
14584;Brand Alley
5855;Brandnooz
5593;Brands4Friends
18065;Brastemp
5436;Bravofly
24864;Breuninger
10434;Bricoprive
5614;Bright Britain
27860;Brille24
5586;Brille24
5605;Brillenplatz
5444;British Airways
26055;British Airways
23347;Brittany Ferries
23180;Broadbandchoices
26057;Brook Taverner
27367;Brooks Brothers
28408;Brooks Brothers
26058;Brown Bag Clothing
3858;Brussels Airlines
8792;Brussels Airlines
5857;Brussels Airlines
23247;Brykacze
23246;Brykacze
19901;Bt Broadband
25853;Bt Mobile
3038;Bubok
5460;Buch De
5870;Buch De
9936;Bucmi
12876;Budapester
10898;Budget Rent A Car
26619;Budget Rent A Car
9172;Budget Rent A Car
3573;Budget Rent A Car
27861;Buecher
5449;Buecher
22793;Buenabuy
27862;Bueroshop24
5650;Bueroshop24
5580;Buffalo
28100;Build
26061;Build A Bear
2046;Bukvoed
22918;Bulk Powders
16529;Bulk Powders
4607;Bullguard
27970;Bungalow
27991;Bungalow
5959;Buongusto
12985;Carrefour
13820;Henkel
13982;Nencini Sport
479;Brico Io
13949;Coop
18388;Eventinbus
9324;Mcdonalds
335;Mediashopping
9178;Trenitalia
18399;Vision Direct
6855;Zara
7674;Burger King
26620;Burlington Coat Factory
22830;Burton
26414;But
11485;Butik
13569;Butik
1748;Butik
27863;Butlers
5463;Butlers
10081;Butsklep
27864;Buttinette
11452;Buty Jana
8083;Buty Jana
7064;Buty Jana
25897;Butyraj
9883;Butyraj
1377;Butysportowe
11455;Butysportowe
11273;Butyxl
1509;Butyxl
27447;Buy Buy Baby
5806;Buy Ern
19878;Buyagift
28205;Buy Buy Baby
11295;Buyincoins
6671;Buylevard
8740;Buylevard
23450;Buymobiles
25246;Buymobiles
26062;Buysend
23324;Buyspares
3729;Bwin
3716;Byhours
8793;Byhours
14362;Byhours
10570;CandA
1355;CandA
5438;CandA
14197;CandA
16492;Cabify
18581;Cafago
28587;Cafepress
23765;Calcados
23571;Caliente Mx
23795;Calvin Klein
20435;Calypso
20433;Calypso
11849;Calzedonia
22503;Calzedonia
18495;Calzedonia
11551;Camaieu
10039;Camaieu
16924;Camisaria
2755;Camper
22156;Canadian Affair
4121;Canal Bingo
24230;Canon
23567;Canon
24475;Canvas Holidays
5898;Cap Selbst Gestalten
24352;Caprabo
23136;Carparts4Less
27865;Cardelmar
4094;Carethy
8741;Carethy
5599;Carino Karten
18483;Carkam
23125;Carparts4Less
26065;Carpetright
19872;Carphone Warehouse
5913;Carportwerk
532;Carrefour
10373;Carrefour
14213;Carrefour
19017;Carrefour
27873;Carrefour Travel
26621;Carters
23349;Cartridge People
2764;Casa Del Libro
8495;Casa Del Libro
5936;Casamia Wohnen
22910;Casamundo
22907;Casamundo
661;Casas Bahia
27299;Casetify
8372;Cash Converters
8977;Cash Converters
5627;Cashfix
20676;Casika
26412;Casino777
3730;Casino 888
21269;Casino777
24604;Casper
26067;Cass Art
13407;Castorama
7709;Casu
16560;Casu
1657;Caterina
16982;Ccc
6536;Ccc
15881;Ccc
26362;Cdiscount
11424;Cdp
8592;Cdp
6401;Cdp
26343;Celio
968;Centauro
27868;Center Parcs
5842;Center Parcs
11860;CenterSport
22033;Central Ar
9905;Central De Vacaciones
1508;Centrum Meble
1529;CentrumRowerowe
11493;Cewe
12448;Cewe
13438;Chain Reaction
3859;Chain Reaction
8794;Chain Reaction
18603;Chama
26068;Charles Clinkard
5464;Charles and Marie
23532;Charles Tyrwhitt
5762;Charles Tyrwhitt
5845;Charles and Marie
26589;Charlie Temple
26622;Charlotte Russe
24593;Charlotte Tilbury
28211;Chase
6004;Chateaudirect
28212;Cheapair
27681;Cheapair
15244;Cheapair
5835;Cheaptickets
24838;Cheaptickets
28716;CheBanca
22317;Cheerz
20407;Cheesecake
22913;Chemist Direct
26459;Chessington
26069;Chi Chi London
18676;Chiara
18677;Chiara
16985;Chico Rei
16326;Chitai Gorod
6942;Chocobox
7407;Chocobox
1306;Chocolissimo
5811;Chocolissimo
5688;Chocri
5807;Chocri
15854;Chodnik Literacki
19067;Cholewinski
19065;Cholewinski
22866;Christ
5540;Christ
26070;Chums
28717;Cialdamia
21247;Ciam Animali
6948;Ciao
7968;Cinema City
8633;Cinesa
10643;Cinesa
22870;Cineworld
20675;Circus
99;Cisalfa Sport
17831;Cissa Magazine
18530;Citibank
18531;Citibank
15896;Citilink
24686;City Sightseeing
22202;City Sport
22200;City Sport
23340;Claires
13470;Clarel
2768;Clarins
8795;Clarins
21002;Clarins
8394;Clarisonic
3633;Clarks
8745;Clarks
5495;Clarks
26073;Clas Ohlson
27869;Clevertronic
7315;Clickbus
6908;Clickonero
16307;Clinique
6411;Clinique
24424;Clintons
5919;Cloggs
23094;Club Med
16939;Clube Do Ricardo
26469;Clube Paladar
27870;Cnouch
6002;Cnouch
19906;Co Op Electrical
28411;Coach
25027;Coast
28537;Cobasi
11436;Coccodrillo
11593;Coccodrillo
15871;Coccodrillo
5942;Coconow
28288;N26
21908;Codere
13;Decathlon
23456;Hype
56;Italo
398;Meridiana
18883;Nokia
14011;Abbonamenti
188;Abbonamenti
18995;Apple
8248;Apple
14013;Betfair
9340;Brussels Airlines
19988;Camper
18104;CheBanca
12991;Converse
18604;Credit Agricole
12353;Crucial
12554;Diffusione Tessile
8091;easyJet
18606;Enel
176;Euronics
12432;Europ Assistance
232;Fastweb
12793;Godaddy
9108;Hello Bank
10826;Il Tuo Ticket
450;Infostrada
27;Kiko
25083;Libreria Universitaria
12906;Lonely Planet
13997;Lottomatica
10774;Lovoo
17475;Mms
18251;Max&Co
8659;Mediaset Premium
478;Microsoft
8666;Mms
23473;N26
12846;New Balance
4914;New Balance
18845;Nuance
8892;Oakley
71;Origin
23539;Pandora
8828;Philips
65;Promod
12460;Rajapack
28429;Sisal
18262;Sorgenia
433;Telepass
13924;Terravision
23445;Titanbet
23134;Under Armour
304;Western Union
10568;William Hill
309;Wind
23610;Wish
323;123Gomme
10575;Adidas
18605;Aeropark Verona
8889;Air Dolomiti
10577;Allianz
8490;AllPosters
4;Amazon
8949;Amica Farmacia
4894;Amoma
18193;Aosom
25082;Arcaplanet
33;Asos
25184;Autodoc
11099;Avis
13917;Bakker
9563;Bauzaar
9556;Bernabei
41;Blue Tomato
11;Bonprix
168;Booking
11695;Boscolo
19990;Budget Rent A Car
9255;Bulk Powders
1;Calcioshop
28452;Cambio Gomme
12409;Camicissima
13055;Canon
8453;Carpisa
9473;Cialdamia
9982;Clarins
23337;Cliccasicuro
9319;Columbus Direct
8673;Conrad
20981;Conte
16526;Converse
8652;Coop Online
231;Costa Crociere
18850;Creative
130;Crocierissime
18844;Crucial
166;Dalani
28511;Degustabox
109;Deichmann
6256;Desigual
101;Direct Line
465;Shop Disney
18282;Ditano
22483;Dmail
17;Douglas
18260;Easycoop
11275;Eataly
7;Edreams
10308;Efarma
8993;eGlobal Central
10803;Egommerce
9261;Emozione3
363;Emp
270;Eprice
10798;Erv
26550;Etihad
12352;Euroffice
18745;Euronics
59;Euronova
387;Europcar
30;Expedia
12429;Farmacia Loreto Gallo
22931;Farmacosmo
18489;Farmaline
12;Feltrinelli
13840;Ferrari
23138;Flixbus
219;FloraQueen
28430;Foodspring
11163;Foppapedretti
18892;Foreo
12372;Forever 21
8642;Forzieri
134;Freeshop
19989;G2A
10311;Genertel
18105;Genialloyd
18194;Geox
28448;Giga Pneumatici
23609;Giglio
66;Giordano Shop
235;Giordano Vini
17292;Glamest
28784;GoEuro
12993;Goldcar
9336;Gommadiretto
34;Groupalia
8089;Groupon
69;Guess
13096;Happiness
11369;Hawkers
18522;The Sub
31;Hertz
6851;Hm
8485;Hoepli
17789;Homeaway
13896;Hotelopia
12394;Hotels
351;Hotels
197;Hotelsclick
11101;Huawei
8891;Hudson Reed
13857;Iafstore
10848;Iberia
6190;Iberostar
48;Ibs
10829;Idea Bellezza
9564;Imaginarium
20476;Imetec
24;Intimissimi
24731;Jd Sport
18498;Jocando
9266;Just Eat
137;Juvestore
8774;K Way
11119;Kappa
13855;Kaspersky
8180;Kiabi
413;Kiehls
17291;Kinguin
10835;Kipling
12201;Kronoshop
52;La Redoute
8827;Last Minute
28581;Legami
17757;Leroy Merlin
18407;Lesara
371;Libraccio
117;L'Occitane
103;Logitravel
22903;Lol Travel
12984;Look Fantastic
23390;Looking4Parking
86;LovetheSign
13802;Lufthansa
12950;Maintstore
420;Marionnaud
18191;Maxi Sport
7949;Michael Kors
8493;Moleskine
2;Monclick
185;Mondadori
23082;Motivi
367;Moto Pneumatici
8821;Motobuykers
18980;Mukako
11719;Musement
51;Mybeautybox
10832;Napapijri
17289;Nespresso
93;Nike
9338;Noicompriamoauto
10851;Nonsolosport
28445;Norauto
8662;Northweek
28428;Notino
8267;Nuance
11092;Oliviero
24564;Ollo Store
20908;One
22900;Oneminutesite
17790;Onlinestore
55;Opodo
10523;Oregon Scientific
18982;Ovs
18259;Pharmasi
18543;PharmaTruck
9295;Photosi
12430;Pink Or Blue
8405;Pixmania
28446;Pneumatici
28447;Pneumatici
10059;Privalia
43;Profumeriaweb
8489;Puma
10824;Qatar Airways
20888;Quellogiusto
12547;Ralph Lauren
13557;Redcoon
13991;Reebok
19950;Rentalcars
22901;Rinascimento
28427;Saldi Privati
61;Sarenza
54;Sephora
23176;SheIn
9519;Silvian Heach
9550;Sixt
9536;Sky
124;Skyscanner
215;Smartbox
10569;Snapfish
14;Spartoo
28450;Specialgomme
20887;Sportler
18492;Stockisti
9312;Stradivarius
23133;Stroili
209;Superdry
8758;Superga
9268;Supermercato24
58;Swarovski
23540;Tally Weijl
13960;Telecom
9270;Terranova
10401;The Fork
18985;Ticketone
24523;Tigota
24537;Tim
8163;Timberland
10336;Tommy Hilfiger
9565;Tostadora
11356;Trilab
8888;Tripadvisor
13919;Tripsta
8162;Trivago
19293;Venchi
11471;Vente Privee
12987;Ventis
21062;Verti
25079;Vestiaire Collective
12903;Viaggi Sicuri
12373;Vidaxl
49;Vistaprint
187;Vodafone
40;Volagratis
150;Volotea
265;Vueling
26553;Weekendesk
13804;Wimdu
11686;Xberry
12401;Xtrawine
8452;Yamamay
148;Yeppon
6;Yoox
10060;Yousporty
9;Zalando
10;Zooplus
18851;Zurich
23;My Protein
10306;Accor Hotels
10275;Air Europa
10441;Air France
10444;Animalear
10453;Avis
10286;Barcelo
10319;Bebitus
10462;BobShop
10324;Booking
10325;Bottega Verde
10466;Budget Rent A Car
10468;Buylevard
10475;Confortauto
10807;Crocs
11245;D Franklin
10330;DealExtreme
11244;Deliveroo
11112;Desigual
11247;Destinia
11250;Disneyland Paris
11253;Douglas
11256;Ebay
10284;Expedia
16783;Farmaconfianza
12327;Ferrari
12314;G2A
10334;Halcon Viajes
10310;Hawkers
12563;HelloPrint
12564;Hertz
10287;Hotels
12568;Hotelopia
11210;Hunkemoeller
10776;Jack and Jones
12571;Kavehome
12242;Keller Sport
10357;Kiabi
10360;Kiehls
10315;La Redoute
12575;Last Minute
10390;Logitravel
11203;Lookfantastic
11205;Love The Sign
12447;Lowi
10374;Macnificos
11200;Marina D'Or
10420;Media Markt
12588;Mi Arte
12581;Mister Auto
10383;Mustang
10388;My Protein
12594;Norton
12246;Olympus
10291;Oscaro
12601;Paris Pass
11625;Perfumes
12608;Privalia
12610;Promod
12251;Real Madrid
10293;Rumbo
12253;Santafixie
12617;Shana
12254;SheIn
12618;Shopty
12621;Sixt
10411;Spartoo
12625;Surfdome
12256;Swarovski
12633;Toy Planet
12259;Ulanka
10775;Vero Moda
10312;Vertbaudet
10298;Vueling
12643;Wimdu
11093;Wolfnoir
12262;Yves Rocher
10300;Zalando
12645;Zavvi
10307;Zooplus
10778;El Tenedor
11114;Housers
12313;888 Sport
10438;Adidas
10316;Amantis
10560;Amazon
10302;Asos
11680;Balearia
10456;Birchbox
10656;Bitdefender
10464;Botemania
10465;Bucmi
10469;Byhours
10470;Camper
10283;Casa Del Libro
10474;Clarisonic
10328;Conforama
10332;Edreams
11066;El Corte Ingles
11260;Energy Sistem
12326;Feelunique
10309;Fnac
12316;Godaddy
12239;Guess
10338;Hofmann
12567;Hoteles Santos
10347;Iberia
10288;Iberostar
12317;Ilunion
10355;Intimissimi
12570;Justfab
12241;Kaspersky
10365;Klm
12574;L'Occitane
11111;La Vida Es Bella
12243;Lentillasbaratas
12576;London Pass
10371;Lufthansa
12244;Marathonia
12245;Merkal
11683;Microsoft
10376;Mimub
10380;Mister Spex
12582;Moo
12648;New Balance
10301;Nike
12593;Norauto
11580;Oferplan
10392;Orange
12599;Origin
12248;Parfois
10506;PC Componentes
12607;Petit Palace
12249;Philips
10398;Promofarma
10505;Pull And Bear
10439;Reebok
12612;Regalos
11696;Retto
10297;Riu Hotels
10408;Sarenza
11249;Shop Disney
12620;Simply Supplements
12255;Smartbox
10296;Sportium
12647;Suop
12626;Tap Air Portugal
10295;Telepizza
12628;Terravision
10547;The Body Shop
12629;The North Face
11453;Tous
10414;Toysrus
12636;Traventia
10780;Tripadvisor
12321;Tutete
12322;Viator
11075;Vistaprint
10299;Yoigo
6007;Coffee Circle
26075;Coggles
27677;Cole Haan
25960;Collectplus
13519;Colorcase
20441;Colorland
20439;Colorland
2772;Columbia
18999;Colvin
19766;Colvin
5434;Comebuy
21757;Comparethemarket
20215;Comparethemarket
15604;Compra Certa
5517;Computeruniverse
2775;Condor
8796;Condor
5775;Condor
18372;Confidence Cambio
7934;Conforama
9253;Conforama
8392;Confortauto
17371;Confortauto
21761;Confused
20216;Confused
27872;Congstar
18939;Conguitos
28052;Conleys
1299;Conrad
5537;Conrad
12476;Conrad
15693;Constance
18067;Consul
2777;Converse
3166;Conzumo
5455;Cookie Mania
5820;Cookie Mania
23625;Coolblue
8512;Coolicool
3302;Coolmod
8749;Coolmod
24580;Coolmod
18076;Cooltra
28945;Coques Iphone
25901;Coral
5764;Corendon
26076;Cornerstone
2779;Cortefiel
8559;Cortefiel
11519;Cos Dla Zdrowia
7113;Cos Dla Zdrowia
13378;Cos Dla Zdrowia
5700;Cosmopol
15996;Cosmorelax
17914;Cosnet
22763;Costomovil
26077;Cosyfeet
21823;Cotswold Outdoor
22494;Cottages
25710;Cottages
6219;Aliexpress
8656;Avira
457;Babbel
6170;Banggood
39;Bottega Verde
18848;Conrad
26;Dell
169;Disneyland Paris
18917;Duracell
422;Ebay
19949;Eolo
24573;Eurocali
24420;Farmacia Rocco
8984;Fasterprint
17947;Fc Moto
17467;Forexchange
28432;Freddy
19184;Gamestop
18749;Geekbuying
28517;Honor
9322;HP
18386;Idealo
8090;Ikea
18607;Lavazza
9330;Lenovo
18103;Leolandia
68;Light In The Box
19333;Lloyds Farmacy
272;Meetic
8247;MiniInTheBox
319;Mirabilandia
8245;Myefox
17946;Neve Cosmetics
19062;Onlineprinters
8759;Prozis
28584;Pupa
9304;Rosegal
8462;SheIn
18780;The Space Cinema
8641;Uci Cinemas
5;Unieuro
9318;Venchi
7345;Cozabuty
1659;Cozabuty
26078;Crafters Companion
28718;Credit Agricole
5547;Crew Clothing
1401;Crocs
9063;Crocs
5584;Crocs
6375;Crocs
21901;Crocus
6621;Cropp
12419;Cropp
23121;Crucial
26080;Cruise Nation
28024;Crutchfield
26408;Crystal Ski
22071;Cstore
23230;Ctrl Mobile
28053;Ctshirts
21744;Cult Beauty
21261;Cult Beauty
27866;Cunda
10304;Aliexpress
11699;Coolmod
11264;Xcaret
11444;Deliberry
11147;Asics
10450;Aventuramania
10282;Banggood
10655;Biuky
10471;Carethy
11199;Deichmann
11088;Deporr
11255;Druni
11664;Edarling
11259;Electronic Star
12324;Familia Facil
12237;Farnell
12238;Flexifarma
11209;Futbol Emotion
12329;Gap
12331;Gisela
10406;Hsn
10354;Interflora
12573;Kiwoko
10827;La Tostadora
11126;Lenovo
12580;MiniInTheBox
10378;Miscota
7986;Modalia
12586;Mundobebes
12179;Northweek
12483;Nutritienda
12598;Opirata
10393;Oselection
12247;Packlink
12603;Percentil
12604;Perfume Selectivo
12319;Pixartprinting
12613;RentalCars
12619;Shutterstock
10419;Superstudio
11087;Tennis Point
12630;Cartucho
12631;Tinydeal
12258;Tomtom
12635;Travel2Be
10416;Tuandco
12641;Viking
12261;Wiggle
12644;Wuaki Tv
11262;Euromaster
11263;Everbuying
10285;Gearbest
12330;Gigas
12562;Happy Socks
10367;Light In The Box
11067;Masmusculo
10372;Mcdonalds
12595;Prepago One
11124;Promocional Host Europe
10342;HP
12320;Prozis
10400;Rakuten
10418;Tiendanimal
12323;Webempresa
11667;Westwing
11110;Carrefour
10779;Supermercados Dia
2489;Linio
19860;Currys
25390;Currys
22745;Currys
26081;Curvissa
15451;Cvc
27801;Cvs Photo
3168;Cyberlink
10819;Cyberlink
5425;Cyberport
2256;Cyberpuerta
26082;Cycle Surgery
26083;Cyclestore
1623;Cyfrowe
8601;Cyfrowe
11882;Cyfrowe
10158;Cyfrowe
11883;Cyklotur
1535;Cyklotur
11884;Czas Na Buty
1696;Czas Na Buty
11889;Czeskie Klimaty
5947;D C Fix
5819;D Living
25179;D Reizen
549;Dafiti
27992;Dagtickets
5782;Dallmayr
26084;Damart
5712;Daniel Jouvance
5814;Daniel Jouvance
16459;Darkorbit
4370;Darty
26345;Dashlane
28906;Davids Bridal
5676;Dawanda
1700;Dax
26531;Dazn
26430;Dazn
16213;Dc
10916;Dc
9176;Dc
3124;Dc
23620;Bijenkorf
3648;DealExtreme
8797;DealExtreme
20219;Debenhams
6577;Decathlon
10658;Decathlon
15464;Decolar
1555;Deezee
4105;Degustabox
8017;Deichmann
5929;Deichmann
8757;Deichmann
5675;Deichmann
1291;Deichmann
5983;Dein Biogarten
5598;Dein Druckwerk
5616;DeineTorte
5960;DeineTorte
23616;Dekbed Discounter
8192;Dekoracja Domu
7347;Dekoracja Domu
11364;Dekoria
9466;Dekoria
11154;Deliberry
11129;Deliberry
5808;Delife
11897;Delimano
10090;Deliveroo
3537;Dell
5426;Dell
23061;Demon Tweeks
11498;Denley
12977;Denley
4887;Deporr
5745;Der Club Bertelsmann
5562;Der Gepfelgte Mann
5443;Der Weinversand
26087;Deramores
15642;Descomplica
10289;Just Eat
5986;Designermode
3070;Desigual
8501;Desigual
26088;Desigual
26444;Desigual
2747;Despegar
4358;Despegar
28941;Destination Xl
3071;Destinia
8688;Destinia
17034;Detskii Mir
12675;Deutsche Bank
23460;Devoraprecios
23109;Dfds
5722;Dfds
5826;Dfds
9280;Dfranklin
8156;Dhgate
22976;Dhl
11335;Diamante Wear
1624;Diamante Wear
28032;Dickies Life
26623;Dicks Sporting Goods
5578;Diemer
28531;Diesel
11526;Dietmap
13255;Dietmap
5618;Digitalspezialist
16895;Dinda
1575;Diores
7349;Diores
23350;Direct Ferries
22162;Direct Line Group
22740;Direct Line Insuarance Group
5445;Direct Ferries
26090;Discount Supplements
3081;Disfrazzes
27307;Dish
5525;Shop Disney
3586;Disneyland Paris
5664;Disneyland Paris
8904;Disneyland Paris
26826;Distance
26824;Distance
11281;Diverse
8113;Diverse
25467;Diversual
27657;Dji
14026;Dlagracza
5751;Dmax Shop
11523;Do Domku
26091;Dobies
7710;Dobre Garnki
23285;Dobre Ksiazki
17068;Dochki Synochki
6010;Dockers
26010;Docmorris
5575;Docmorris
7869;Dolce Gusto
12535;Dolce Gusto
28416;Dollar
27620;Dollar
27452;Dollar Shave Club
6413;Domid
24599;Dominium
24597;Dominium
4442;Dominos Pizza
16377;Dominos Pizza
13230;Domodi
28897;Domoli
9377;Domswiatla
13116;Don Disfraz
28417;Dooney
28054;Doorout
5465;Dorint
21264;Dorothy Perkins
23640;Dotsport
10680;Dotsport
1443;Dotti
8315;Douglas
8756;Douglas
5561;Douglas
5961;Douglas
1316;Douglas
28055;Dr Goerg
1315;Dr Irena Eris
5649;Dr Pierre Ricaud
24316;Dream Nation
24310;Dream Nation
22495;Dreams
5494;Dress For Less
18289;Dresslily
18398;Dresslily
18292;Dresslily
8074;Dresslink
10789;Dresslink
16405;Dresslink
25225;Drim
25078;Drive Now Voucher
16952;Drogaria Araujo
17779;Drogaria Pacheco
15842;Drogaria Sao Paulo
15841;Drogarias Pacheco
18567;Drogasil
27969;Drogisterij
26092;Drones
13047;Drtusz
5619;Druckerpatronen
23621;Drukwerkdeal
9509;Druni
9539;Druni
7276;Dstreet
10433;Due Home
24848;Duinrell
11366;Duka
9568;Duka
26606;Dummy
4081;Dunas Hotel
19869;Dunelm
26093;Duracell
28355;Durlinger Schoenen
26094;Dwell
28414;Dwr
21861;Dyson
5892;E Combuy
19060;E Fotojoker
19058;E Fotojoker
12453;E Glamour
2488;E L F
21142;E Lady
11507;E Pinokio
11496;E Sporting
6786;E Sporting
11936;E Torty
18145;E Torty
14511;E Tuyo
10763;E Zegarki
24758;E2Save
8257;Eachbuyer
26096;Early Learning Centre
26097;East Midlands Trains
28104;Eastbay
11516;Eastend
2787;Easy Jet
26353;Easy Lounge
18788;Easy Taxi
5621;Easy Young Fashion
5909;Easy Young Fashion
26098;Easycar
5690;Easycosmetic
28451;Easygomme
6543;easyJet
6901;easyJet
8822;easyJet
26099;Easylife Group
5492;Easynotebooks
20723;Easyparapharmacie
27900;Easyvoice Telecom
27637;Ebags
2790;Ebay
8500;Ebay
11941;Ebilet
28057;Ebook
6261;Ebook
24419;Ebookers
5875;Ebookers
5440;Ebookers
11942;Ebookoo
11943;Ebookpoint
18493;Ebookpoint
6328;Ebookpoint
5824;Ebrosia
6601;Ebutik
20225;Ebuyer
23706;Ecadeiras
11945;Ecco
18234;Ecco
6148;Ecco Verde
6615;Eccoshop
5750;Echterfanshop
19072;Ecooltra
2155;Edarling
8504;Edarling
27619;Eddie Bauer
5850;Edeka24
24366;Eden
20226;Edf Energy
6012;Edle Welt
1308;Edom
2954;Edreams
8574;Edreams
5448;Edreams
25864;EE
20228;EE
20229;EE
21582;EE
28866;Effeweg
21185;Eflorist
5629;Efox
23618;Efteling
12756;eGlobal Central
7890;eGlobal Central
18839;eGlobal Central
18600;Egmont
18598;Egmont
5555;Ehapa Shop
21898;Eharmony
7140;Eholiday
1307;Ekskluzywna
7353;Ekskluzywna
16126;Eksmo
2955;El Corte Ingles
4011;El Tenedor
8981;El Tenedor
11952;Elady
22075;Elampy
22073;Elampy
28955;Elare
16332;Elc
11308;Electro
9835;Electro
10742;Electrocosto
19932;Electrolux
3962;Electronic Star
2548;Elektra
25193;Elemis
18224;Eletrum
5467;Elitepartner
28250;Elize
26103;Ellis Brigham
24385;Eltenedor
23275;Eltrox
23273;Eltrox
5756;Elv
1361;Emag
24428;Emako
24426;Emako
2231;Emirates
7589;Emirates
17948;Emirates
21838;Emirates
22643;Emov
8769;Emp
13081;Emp
11425;Empik Foto
1321;Empik Foto
8242;Empik School
11367;Empik
8595;Empik Foto
10576;Emporio Da Cerveja
5944;Empressia
5521;Endlichzuhause
5911;Endlichzuhause
8101;Endo
12737;Endo
27896;Eneco
12872;Enel Med Oferta
26104;Energy Bulbs
7862;Energy Sistem
28058;Engelhorn
23343;English Heritage
19280;Enterprise
26625;Enterprise
1538;Entliczek Pentliczek
2803;Entradas
14120;Entradas
2405;Enviaflores
6011;Envie De Fraises
11438;Eobuwie
12955;Eobuwie
28056;Eon Plus
16413;Epic Hero
7785;Epicenter24
1510;Epinokio
16828;Epoca Cosmeticos
7279;Eprezenty
28723;Eprice
6266;Equiva
22083;Ernest Jones
28059;Ernstings Family
7957;Eroski
5668;Erwin Müller
28060;Erwin Müller
5503;Escada
23323;Escentual
25948;Esdemarca
20036;Eset Nod33
1339;Eskk
12458;Eskk
7093;Eskk
11964;Esky
24301;Esky
23592;Espa
26487;Esprit
28864;Essent
26105;Estee Lauder
10153;Estyl
1601;Estyl
10545;Etam
5576;Eterna
26106;Ethical Superstore
8345;Etihad
25685;Etihad
23594;Etihad
16921;Etna
6441;Etsy
2811;Etuyo
9147;Etuyo
20231;Euro Car Parts
11542;Euro Wino
1600;Euro Wino
26107;Eurocamp
26108;Euroffice
1341;Euroflorist
5881;Euroflorist
11703;Euroflorist
7841;Euroflorist
26795;Eurojackpot
10937;Euromaster
8903;Euromaster
4076;Euromaster Neumaticos
28061;Euronics
28725;Euronova
2816;Europcar
5716;Europcar
19905;Evans
20233;Evans Cycles
24688;Eve Sleep
1676;Eveline
22078;Eventim
6369;Everbuying
10821;Everbuying
24297;Everydayme
24296;Everydayme
21839;Everything 5 Pounds
25719;Everything 5 Pounds
28601;Evitamins
3860;Evo Banco
17067;Evrocet
20684;Evvo
8374;Ewejsciowki
3555;Expedia
8801;Expedia
5874;Expedia
5437;Expedia
21659;Experian
20235;Experian
24719;Experian
17693;Xcaret
2302;Xcaret
5512;Experimentiershop
19268;Express
28868;Expresso
568;Extra
27614;EyebuyDirect
16414;EyeForFashion
23588;Eyeko
12821;Eyerim
26109;Eyewearbrands
11368;Ezebra
1540;Ezebra
26110;F1 Autocentres
5864;Fab
18520;Faber Castell
13073;Faber Castell
27294;Fabfitfun
7167;Fabryka Form
7411;Fabryka Form
13501;Fabryka Wafelkow
5810;Face Arts
7014;Factoria Regalos
21772;Factoria Regalos
5689;Fafit 25
5466;Fahrrad Xxl
5645;Fairvital
7956;Familia Facil
9146;Familia Facil
26627;Famous Footwear
11975;Fanatyk
20740;Fanatyk
7165;Fanatyk
27612;Fandango
5543;Fansport24
23179;Farbotka
23177;Farbotka
13227;Farfetch
18163;Farmacia Gt
28884;Farmacia Loreto Gallo
28727;Farmacia Loreto Gallo
28580;Farmacia Loreto Gallo
22427;FarmaciasDirect
16423;Farmaconfianza
22705;Farmadina
18852;Farman
28881;Farmacia Loreto Gallo
11977;Farmona
3382;Farnell
20992;Fasardi
20990;Fasardi
5720;Fashion Id
22651;Fashion World
7181;FastDeal
571;Fast Shop
11320;FastDeal
8308;FastDeal
22677;Fasthosts
22079;Fasthosts
27933;Faz
3902;Fc Moto
17821;Fc Zenit
13023;Feeby
18110;Feedo
26113;Feel Good Contacts
8457;Feelunique
26300;Feelunique
11979;Felice
1652;Felice
12745;Femestage
11981;Fera
9538;Fera
5825;Ferienfabrik
11982;Feromony
1463;Feromony
14113;Ferrari
2826;Ferrari
11985;Ferratum
24561;Ferratum
23388;Fetch
5998;Feuer Glas
26001;Fewo Direkt
1688;Ffstore
26587;Fietsenwinkel
10614;Fifishop
3901;Fifty Factory
22682;Figleaves
22084;Figleaves
1354;Filippo
7358;Filippo
2792;Fillow
26115;Finery
26679;Fingerhut
19279;Finish Line
15927;Finn Flare
28728;Fiorella Rubino
100;Fiorella Rubino
5470;Firefly Car Rental
20236;First Choice
20237;First Utility
11338;Fiszki
1684;Fiszki
27545;Fitbit
23049;Fitflop
28063;Fitmart
23190;Fitness Superstore
1680;Fitnesstrening
22855;Flaconi
6001;Fleudorado
5691;Fleurop
5848;Fleurop
5828;Flexhotel
8473;Flexifarma
10145;Flexifarma
23295;Flight Centre
5471;Flip4New
12183;Flixbus
18297;Flixbus
28064;Floordirekt
26118;Flooring Superstore
14378;FloraQueen
28065;Floraprima
5827;Floraprima
3191;FloraQueen
9165;FloraQueen
18120;Florclick
26119;Flubit
5847;Flug
23443;Fly
23441;Fly
5588;Flyerpara
2805;Fnac
8503;Fnac
5475;Fonic
23636;Fonq
24723;Foodband
22512;Foot Disctrict
15148;Foot Locker
28944;Footaction
19879;Footasylum
11457;Footshop
9501;Footshop
18900;Foreo
18901;Foreo
8431;Forever 21
10942;Forever 21
8607;Forever 21
11996;Forge Of Empires
25780;Fortnum And Mason
24394;Fortnum And Mason
28576;Fossil
18758;Foster Hollywood
25957;Fotako
13043;Fotako
5432;Foto Com
5539;Foto Fox
24443;Fotobum
24439;Fotobum
26480;Fotofabriek
11489;Fotojoker
7592;Fotojoker
5474;Fotopuzzle
26120;Fotosense
5981;Found4You
26388;Foxford
22917;Fragrance Direct
28108;Fragrance Direct
26484;Frankie And Bennys
26263;Frankie And Bennys
8985;Fratelli Rossetti
26121;Fred Olsen Cruise Lines
28494;Fred De La Bretoniere
12511;Freedompop
22906;Freemans
27996;Freewear
26123;French Connection
27804;Freshbooks
5468;Fressnapf
13260;Frikileria
11466;Frisco
11702;Frisco
1344;Frisco
23527;From The Box Office
28773;Frye
27607;Ftd
28241;Fti
26124;Furniture 123
26125;Furniture In Fashion
24232;Furniture Village
6610;Fut Fanatics
11207;Futbol Emotion
17777;Futfanatics
6255;Futurumshop
26126;Fxhome
5510;G Data
12922;G Star
26137;G Star
10683;G2A
10243;Gaia Design
26127;Gala Bingo
1493;Galante
7466;Galante
22992;Galeria Kaufhof
5451;Galeria Kaufhof
1459;Galeria Limonka
1330;Galeria Marek
16404;Galeria Marek
22085;Game
5761;Gameduell
23269;Games Deal
23486;Games Deal
27403;Gamestop
12007;Gamisport
1469;Gamisport
20474;Gamiss
18395;Gamiss
20472;Gamiss
6924;Gandalf
13524;Gandalf
26128;Gant
3040;Gap
6944;Gapa Fashion
3527;Garden Hotels
10944;Garden Hotels
9142;Garden Hotels
26129;Garden Street
26130;Gardenfurnitureworld
14303;Garden Hotels
9454;Gardenowo
13503;Garneczki
5949;Gartengruen 24
5993;Gartenmoebel
6013;Gartenmoebel
5758;Gartenparty
5950;Gartenposter
5788;Gartenxxl
8887;Gas Jeans
13398;Gatta
25658;Gatwick Airport
28084;Gatwick Airport
20240;Gear4Music
8048;Gearbest
8466;Gearbest
8643;Gearbest
9838;Gearbest
28361;Gebruedergoetz
8049;Geekbuying
10849;Geekbuying
18965;Geekbuying
5940;Geliebtes Zuhause
26131;Genes Reunited
6003;Genussreich
5646;Genxtreme
21760;George
20242;George
8358;Geox
10103;Geox
1397;Gerry Weber
11392;Gerry Weber
5860;Geschenkemarkt
21864;Get Me In
26134;Getgeared
20456;Ghd
10246;Ghl
1500;Giacomo
20243;Giffgaff
28761;Giftcards
3050;Gigas
11532;Gino Rossi
1615;Gino Rossi
23715;Girafa
6554;Gisela
9859;Gisela
567;Giuliana Flores
26547;Glamglow
25263;Glasses Direct
26357;Global Central
24852;Globetrotter
23483;Glossybox
21096;Glovo
27374;Gnc
3523;Godaddy
28535;GoEuro
21970;GoGroopie
21955;Go Outdoors
22998;Go Sport
22996;Go Sport
7786;Gobli
10404;Gocco
10484;Gocco
6382;Godaddy
9141;Godaddy
2615;Godaddy
27312;Godiva
5705;Goertz
24843;GoEuro
22761;GoGroopie
19331;Gol
28041;Gold585
6288;Goldcar
21977;Golden Park
26135;Golden Tours
180;Goldenpoint
19894;Goldsmiths
5469;Golflaedchen
15323;Gomez Kod
28449;Gommista Specialista
26136;Gonutrition
9360;Goodlookin Kody
19039;Goods
8664;Gotogate
5713;Gourmesso
5790;Gourmet Versand
5937;Gourmetbox
5841;Gourmetfleisch
23300;Gousto
1343;Gram
9825;Gram
23729;Gran Cursos Online
17006;Grand Floraru
5473;Gravis
6330;Grawitacyjny
21138;Grawitacyjny
21900;Graze
21834;Green Man Gaming
5566;Green Panda
6014;Green Your Life
28007;Greenchoice
23095;Greenfingers
12850;Greenice
11370;Greenpoint
9801;Greenpoint
23635;Greetz
5708;Grillfuerst
5984;Grillfuerst
3764;Groupalia
8502;Groupalia
1781;Groupon
8505;Groupon
23478;Grow Gorgeous
5624;Gruenspar
19898;Gtech
3053;Guess
9164;Guess
20037;Guess
28011;Guide Go
20447;Guns Tuxedos
20445;Guns Tuxedos
5829;Gustini
27652;Gymboree
24585;Gymshark
22589;HandM
3022;HandM
22086;H Samuel
28362;HandM
3735;H10 Hotels
9140;H10 Hotels
26566;Haarshop
21895;Habitat
5815;Habitat
5710;Hagebau
2979;Halcon Viajes
20248;Halfords
5938;Handtuch Welt
28938;Hanes
27953;Happy Home
3533;Happy Socks
5569;Happy Socks
12724;Happycar
21766;Happycar
27805;Harbor Freight
6225;Hardwareversand
26141;Harrod Horticultural
27599;Harry David
26142;Harvester Restaurants
24323;Harvey Nichols
22878;Havan
23149;Havan
26144;Hawes Curtis
5647;Hawesko
5830;Hawesko
9535;Hawkers
9517;Hawkers
18162;Hawkers
28143;Hayneedle
23358;Hbo
23335;Hbo Go
23333;Hbo Go
21825;Healthexpress
22915;Healthspan
23322;Heathrow Airport
5519;Hebe
18526;Hebe
28364;Heine
27884;Heineken
5735;Helbrecht
12023;Helion
18478;Helion
28731;Hello Bank
21971;Hellofresh
5897;Hellofresh
5583;Hellofresh
8042;HelloPrint
9139;HelloPrint
26143;Helpling
23622;Hema
23619;Hema
23794;Hering
28762;Herman Miller
6679;Herrenausstatter
3216;Hertz
9138;Hertz
5658;Hertz
25945;Hertz
1311;HP
8133;Heyah
8421;Heyah
26741;Hidden Fashion
26147;High Street Tv
18482;Highscreen
23404;Hillarys
4648;Hilton
5419;Hilton
23038;Hilton
27597;Hilton
24335;Hipercor
5941;Hirmer
5476;His Jeans
23492;Hive
28489;Hjh Office
14173;HandM
22685;Hobbs
22087;Hobbs
12032;Hobby House
22893;Hobbycraft
28763;Hockey Monkey
10036;Hofmann
21719;Holaluz
24285;Holiday Autos
21890;Holiday Extras
28572;Holiday Suites
1690;Holidaycar
24964;Holland And Barrett
19882;Holland And Barrett
27984;Homair
5878;Home 25
28149;Home Chef
15283;Home Depot
7285;Home
7020;Home
11372;Home You
1335;Home You
27883;Home24
6136;Home24
17799;Homeaway
27982;Homelidays
5791;Homelife24
5478;Homelife24
5923;Homelyhome
12036;Home
26149;Homescapes
5924;Homy
5634;Hoodboyz
12762;Hootsuite
3723;Hootsuite
23566;Hoppa
28588;Hoppy
28825;Horchow
20252;Hoseasons
28365;Hoseonline
10228;Host Europe
7687;Host1Plus
4090;Hostgator
27595;Hot Topic
15592;Hoteiscom
23011;Hotel Chocolat
5846;Hotel
5480;Hotel
6352;Marina D'Or
3862;Hotel Sandos
582;Hotel Urbano
21275;Xcaret
5818;Hotel4Home
1313;Hotele
2966;Barcelo
2310;Hotels
8507;Hotels
6305;Hoteles Costa Blanca
10954;Hoteles Riu
8974;Hoteles Riu
8395;Hoteles Santos
20913;Hoteles Viva
16638;Hotels
26781;Hotelkamerveiling
3012;Hotelopia
8907;Hotelopia
28929;Hotels
1893;Hotels
5496;Hotels
5980;Hotels
5985;Hotels
1287;Hotels
28456;Hotels
24846;Hotels
11374;Hotels
22916;Hotter
25732;Hotter
11439;House
24421;House
19868;House
12204;House
10197;Housers
24555;Houzz
2575;HP
8890;HP
5498;HP
26150;Hpi
28366;Hq Patronen
6135;Hq Patronen
21178;Hqhair
26467;Hrs
5420;Hse24
5974;Hse24
9510;Hsn
9545;Hsn
10520;Hsn
2087;Huawei
5736;Hudson Reed
5603;Hugendubel
5969;Hugendubel
23039;Hugo Boss
5560;Humanic
26151;Humax
5596;Hundeland
5581;Hunkemoeller
11211;Hunkemoeller
13273;Hurley
5506;Hussel
5943;Hutshopping
24610;Hyperoptic
26152;I Love Wallpaper
5948;I Love Wandtattoo
5971;I Love Wandtattoo
5728;I Love Wandtattoo
3264;I Neumaticos
26341;I Run
23321;I Want One Of Those
3149;Iberia
8499;Iberia
26153;Iberia
8155;Iberiaexpress
8998;Iberiaexpress
3096;Iberostar
8570;Iberostar
28733;Ibs
22816;IceLolly
20256;Iceland
21903;IceLolly
23632;Ici Paris Xl
9534;Ictiva
9418;Ictiva
12051;Idea Bank
23489;Ideal World
5630;Ifolor
18602;Ifood
18064;Iherb
23277;Iherb
26339;Ihg
12054;Ikea
22518;Ikea
16242;Il De Bote
23537;Illamasqua
6973;Illuminations
1495;Iloko
8364;Ilunion
8915;Ilunion
16736;Ilunion
24618;Iluve
24616;Iluve
2835;Imaginarium
28367;Impressionen
26156;In The Style
12060;Inbook
1385;Inbook
2833;Inditex
12763;Ineumaticos
5742;Inflammable
5659;Infurn
12062;Ing Bank
26816;Ingos
5477;Inkclub
27908;Inkoutlet
11934;Inside
20993;Insportline
20994;Insportline
22311;Instamaki
17300;Instant Gaming
22914;Instant Print
23127;Instant Print
6970;Inter Rally
18858;Intercars
25734;Intercontinental
21967;Intercontinental
6412;Interflora
18345;Intermundial
7159;Interni
24574;Interrail
1396;Intersport
5698;Intersport
26422;Intersport
27938;Intertoys
4097;Interwetten
20429;Intimina
20427;Intimina
3652;Intimissimi
8557;Intimissimi
22505;Intimissimi
13758;Intimissimi
28843;Intuit
6389;Intymna
11488;Iparts
12416;Iparts
11380;Iperfumy
9182;Iperfumy
9795;Iphone
5541;Ipilot
22107;Iplace
26157;Ipostparcels
6424;Irm Pl
26719;Irobot
11326;Ispot
6390;Ispot
21052;Istock
12072;Istyl
10219;Istyl
10220;Istyl
12073;Itaka
28735;Italo
11535;Itunes
28546;Itur
28368;Iubh
23272;Ivel
23271;Ivel
20531;Ivi
26158;Iwoot
12075;Izigsm
12280;Izigsm
28113;J Crew
19893;Jacamo
9977;Jack and Jones
19907;Jack Wills
24853;Jack Wolfskin
9979;Jack and Jones
28369;Jako O
28956;Jansport
5520;Janvanderstorm
26160;Japan Centre
10963;Japon Shop
20750;Japon Shop
10112;Japon Shop
5837;Jashopping
10230;Jazztel
3098;Jazztel
8750;Jazztel
18364;Jbl
26721;Jbl
19250;Jcpenney
26683;Jcrew
28297;Jd Sport
12676;Jd Sport
20260;Jd Williams
5571;Jeans Direct
28370;Jeans Fritz
6262;Jeans Fritz
28529;Jeansport
5780;Jepo
26161;Jersey Plants Direct
21906;Jessops
12081;Jeste Modna
1409;Jeste Modna
18396;Jet Airways
26685;Jet
26162;Jml
28371;Jochen Schweizer
5880;Jochen Schweizer
26163;John Greed Jewellery
19858;John Lewis
24281;Jojo Maman Bebe
5548;Jollydays
27589;Jos A Bank
28927;Jos A Bank
19880;Joules
27588;Journeys
22694;Joybuy
27326;Joybuy
19347;Juguetilandia
12088;Jula
28499;Jules
27925;Julianatoren
12555;Jumbo
5964;Jungborn
26165;Jurys Inn
8065;Just Eat
8626;Just Eat
28372;Justaway
19876;Just Eat
6147;Justfab
9136;Justfab
27587;Justice
15552;Kabum
16361;Kaccir
5879;Kaiserstuhlshop
12090;Kajasport
7456;Kajasport
6426;Kajasport
13221;Kakadu
22904;Kaleidoscope
5472;Kalixa
18290;Kalkulatorkalorii
18294;Kalkulatorkalorii
27909;Kamernet
26796;Kapperskorting
22939;Karcher
22937;Karcher
5987;Kare24
22157;Karen Millen
19948;Kari
13224;Karmimypsiaki
24857;Karstadt
5489;Karstadt
1283;Kartes
12096;Kartes
2375;Kaspersky
11272;Kaspersky
9161;Kaspersky
5497;Kaspersky
28025;Kaspersky
28117;Kate Spade
9920;Kave Home
17392;Kave Home
27409;Kay Jewelers
11500;Kazar
18996;Kazar
1543;Kei
13532;Kei
7112;Keko
16564;Keko
12100;Keko
10707;Keller Sport
3277;Keller Sport
13101;Kelme
22072;Kerastase
23213;Keshop
27897;Keuken Kampioen Keukens
19010;Key
11427;Kfc
6739;Kfc
28373;Kfzteile25
6911;Khan Wars Global
2855;Kiabi
8506;Kiabi
18509;Kicks Land
18507;Kicks Land
23056;Kiddicare
6254;Kiddinx
4125;Kidits
26426;Kidkat
27586;Kids Footlocker
28943;Kids Footlocker
7724;Kiehls
8522;Kiehls
18217;Kiido
3581;Kiko
8716;Kiko
6021;Kiko
26166;Kiko
5677;Kinderbutt
1741;Kinderly
9283;Kinguin
11182;Kinguin
18875;Kinguin
12104;Kinky Winky
20035;Kinky Winky
1548;Kiosque
2851;Kipling
26167;Kitbag
3517;Kiwoko
8806;Kiwoko
10095;Klikochron
5654;Klingel
17603;Kliping
4084;Klm
8909;Klm
27583;Kmart
5416;Knusperreich
5796;Knusperreich
27993;Koalabedding
22911;Kobo
5972;Kochform
18315;Emirates
11644;Kiehls
1360;Ole Ole
18296;PolskiBus
24619;Pzu
1404;Travelplanet
7241;Viagogo
7372;L'Occitane
1650;1But
11161;4 F
1319;5 10 15
18227;ABC Fitness
7327;Almi Decor
7645;Axa
16467;Bartek
7330;Bron
6393;Chocolissimo
23286;Dobre Ksiazki
12979;Eastend
12534;Ekobieca
1276;Empik
6702;Empik
16432;Etam
12972;Farmona
6394;Gino Rossi
1415;Groupon
8605;Home
6395;Home You
18856;Intercars
18335;Jula
10530;Klikochron
24312;Konesso
1406;Link4
6419;Mall
6396;Monnari
13481;Moodo
25983;Muve
18274;Nazwa
7022;Next
20430;Norauto
18111;Ochnik
7070;Presto
8291;Pull And Bear
8597;Rtv Euro Agd
18586;Semilac
8191;Sferis
7229;Showroom
10157;Showroom
1371;Sizeer
16512;Sneakerstudio
7475;Sportclub
15852;Tiffi
13032;Top Secret
1427;Venezia
6459;Vistula
1420;Vobis
8408;W Kruk
8883;Wolczanka
6462;Znak
11382;Kodano
6386;Kodano
12109;KodyMody
6701;Feromony
6564;Komputronik
7250;Tolpa
7457;Prezentmarzen
6627;4 Gift
6360;Accor Hotels
6362;Active Shop
8588;Agito
6464;Ania Kruk
7893;Apart
7342;Apimiodek
6632;Sportclub
15320;Avebio
6980;Badura
7328;Balladine
6471;Bayla
7474;Beautikon
6370;Beglossy
7132;BeJeans
8205;Bialcon
8206;Bikeinn
7332;Blablacar
7918;Black Red White
6629;Blancz
8207;Blisko Ciala
7032;Bravofly
6372;Butyk
6473;Butysportowe
6474;Butyxl
15313;Buu Pl
7331;Caterina
7897;Cdp
6476;CenterSport
6478;Centrum Meble
7065;CentrumRowerowe
7234;Handlowy
7067;Cyklotur
7898;Czas Na Buty
7389;Dax
7901;Deezee
6630;Diamante Wear
7351;Do Domku
6479;Dr Irena Eris
8209;Dressinn
7244;Dstreet
17920;Duhla
6784;E Sporting
7356;E Zegarki
8102;Endo
7454;Entliczek
7445;Eprezenty
7355;Eveline
8373;Ewejsciowki
7450;Felice
6482;Finnair
7034;Fiszki
6485;Fitnesstrening
11122;G2A
6486;Gamisport
7448;Giacomo
6487;Inbook
6488;Jestesmodna
7364;Kartes
7235;Kids Showroom
6492;Kodano
7365;KodyMody
6495;Kontaktowe
12986;Kontri
9484;Ksiegarnia Beck
7230;Kuptravel
7368;Labels And Love
7369;Lampy I Swiatlo
12695;Lavito
8215;Leroy Merlin
8231;Mango
8217;Meblepumo
7374;Meblobranie
7037;Microsoft
8220;Motardinn
6608;Motoricus
7088;Multiperfumeria
8367;Mytravel
6607;Netcar
6591;New Look
7398;Olive
8375;Parfois
7086;Pizza Portal
7343;Pod Pierzyna
7255;Polskimarket
10427;Primamoda
7147;Provident
7379;Qatar Airways
7039;Recman
8432;Reserved
8369;Riccardo
8228;Runnerinn
6576;RunnersClub
7003;Samsung
7380;Sentiell
18175;SheIn
8233;Sklep Gram
7888;Solier
6661;Spartoo
7384;Stragan Zdrowie
7042;Sympatia
6454;T Mobile
6636;Tania Ksiazka
7150;Telimena
7387;Topshop
7319;Tous
6494;Tradeinn
6785;Travelist
8238;Trekkinn
7228;Triverna
6455;Tui
8239;Waveinn
8240;Wec
6578;Westwing
6501;Wolczanka
7056;Wonga
7068;Yups
6460;Yves Rocher
7402;Zolti
6309;KodyMody
28374;Koffer Arena
5779;Koffer Arena
24856;Koffer Direkt
5488;Koffer Direkt
5528;Kofferprofi
26586;Koffie Discounter
19195;Kohls
5928;Kokosfaser
1295;Kolba
11324;Kolba
7366;Kolba
11385;Komputronik
1362;Komputronik
17116;Koncul
24314;Konesso
5737;Kontaktlinsenlounge
16507;Kontigo
12113;Kontri
1545;Kontri
16314;Korablik
15872;Kosmetyki Z Ameryk
15303;Kosmetykomania
8468;Koszulkowo
8469;Koszulkowo
16271;Kotofoto
20007;Krasniykub
24595;Krcs
6688;Kredito24
19016;Kruk
8196;Ksiegarnia Edukacyjna
7903;Ksiegarnia Edukacyjna
12897;Ksiegarnia Pwn
12126;Ksiegarnia Beck
5953;Kuechenhaus
21141;Kulina
21139;Kulina
12127;Kulturystyka Sklep
12128;Kupmeble
1722;Kupivip
7161;Kupmeble
8604;Kaspersky
17972;Rowerzysta
1593;Wittchen
9180;Allegro
7748;Allianz
13015;Avaro
7733;Bnp Paribas
7741;Ergo Hestia
6718;HandM
7742;Kei
7729;Lendon
16392;Light In The Box
7652;Mcdonalds
9480;Morpho Skins
9379;Outletwatch
8415;Patrizia Pepe
9369;Prezentokracja
7732;Superprezenty
9404;Virtualo
7175;Kuriernet
26168;Kurt Geiger
5832;Kusmitea
6919;Kwiatowy Ogrod
18969;Kwiatowy Ogrod
19895;Kwik Fit
21147;Kyeroo
1292;L'Occitane
8978;L'Occitane
5428;L'Occitane
8094;L'Oreal
13384;La Frikileria
3979;La Primera
1342;La Redoute
8520;La Redoute
13443;La Redoute
3717;La Tienda En Casa
9348;La Tienda En Casa
3154;La Tostadora
9129;La Tostadora
3153;La Vida Es Bella
8748;La Vida Es Bella
1906;Labirint
12136;Labotiga
7446;Labotiga
6430;Labotiga
5834;Lachs
26169;Lacoste
20266;Ladbrokes
27582;Lady Foot Locker
28942;Lady Foot Locker
16430;LadyMakeup
22088;Laithwaites
26170;Lamp Shop Online
8423;Lampara Y Luz
6133;Lampenwelt
5851;Lampenwelt
12138;Lampy
6949;Lampy I Swiatlo
1428;Lampy
9821;Lampy
7840;Lampy
21229;Lampy I Swiatlo
7802;Lan Airlines
15799;Lanca Perfume
22148;Lancerto
12349;Lancerto
2252;Lancome
5639;Landal Greenparks
28354;Landgoed Ruwinkel
26171;Lands End
28275;Lapeyre
28783;Laptop Direct
20267;Laptop Direct
19917;La Redoute
23303;Larica
23301;Larica
28503;Larocheposay
26427;Lassie
28904;Last Call
2880;Last Minute
10976;Last Minute
8910;Last Minute
19897;Last Minute
28375;Last Minute
5836;Last Minute
20864;Last Minute
4246;Latam
21968;Laterooms
25740;Laterooms
19892;Laura Ashley
27457;Laura Mercier
12142;Lazienka Plus
6920;Lazienka Plus
18351;Lc Waikiki Vaikiki
27458;Le Creuset
16454;League Of Angels
8434;Lebara
5785;Lebensmittel
23364;Lebes
27948;Lechuza
23099;Led Hut
5768;Lederoase
27906;Ledshop Groenovatie
7403;Ledtechnics
1391;Ledtechnics
12143;Lee
26172;Leekes
24696;Leesa Sleep
27995;Leesmap
22719;Lego
5567;Lego
26448;Legoland
26173;Legoland
26174;Leisure Lakes Bikes
26575;Leisurepass Group
26483;Leisurepass Group
7333;Lejdi
7000;Lejdi
13379;Lekue
13031;Lelo
18238;Lelo
7294;Lendon
2428;Lenovo
9128;Lenovo
5456;Lenovo
9812;Lenovo
5556;Lensbest
27812;Lensdirect
26175;Lenstore
10854;Lentesplus
3955;Lentiamo
8746;Lentiamo
4145;Lentillas
8651;Lentillas
7871;Lentillas
8743;Lentillas
14558;Lentillas
2639;Leonisa
12148;Lepsza
11397;Leroy Merlin
7101;Leroy Merlin
1725;Letoile
3780;Letsbonus
8523;Letsbonus
12918;Letsbrico
5853;Leuchtenland
14089;Levis
8742;Levis
2891;Levis
23746;Lezalez
13140;Lg
28738;Libraccio
7596;Lidl
3759;Lidl Fotos
5536;Lidl
27380;Lidl
22993;Lieferando
5709;Lieferando
27548;Lifelock
27814;Lifeproof
15085;Light In The Box
6439;Lightake
26177;Lightbulbs Direct
2053;Light In The Box
8571;Light In The Box
5545;Light In The Box
26179;Lights
17397;Lighttake
28826;Lilly Pulitzer
13197;Limango
28545;Lindner
5446;Lindt
5840;Lindtchocoladenclub
26180;Lindy Bop
2898;Linea Directa
16463;Lineage
6338;Linio
11332;Link4
5527;Linsenplatz Kontaktlinsen
5642;Linsensuppe
26344;Linvosges
18961;Liquid Web
17009;Litrec
21965;Littlewoods
24370;Liverpool Fc
25903;Livingsocial
5887;Livingtools
15524;Livraria Cultura
19086;Livro
19085;Livro
26181;Liz Earle
6682;Lloyd
18405;Lloyds Farmacy
23508;Lloyds Farmacy
23447;Lloyds Farmacy
1200;Locaweb
14261;L'Occitane
12865;Lodi
28765;Loews Hotels
26686;Loft
23002;Logitech
2904;Logitravel
8573;Logitravel
16824;Lojas Kd
11152;Lojas Renner
1346;Lokikoki
7395;Lokikoki
11331;Lokikoki
12832;Lola Market
20963;Lolaflora
5774;London Pass
24334;London Stansted Airport
24398;London Stansted Airport
25195;Long Tall Sally
26185;Look Again
10981;Look Fantastic
8760;Look Fantastic
5387;Look Fantastic
22924;Look Fantastic
21587;Lookiero
26186;Looking4Parking
8351;Lopesan Hoteles
11185;Lopesan Hoteles
26687;Lord Taylor
28585;L'Oreal
11398;Lot
7597;Lot
26794;Lotto
28872;Lotto Social
11478;Lottoland
16923;Loungerie
20271;Loveholidays
23375;Lovehoney
26187;Lovell Rugby
26188;Lovell Soccer
22936;Lovelymee
22934;Lovelymee
20034;LoveRepublic
8472;LovetheSign
8809;LovetheSign
11711;LovetheSign
27578;Lowes
8669;Lowi
8815;Lowi
27956;Lowlens
4075;Luckia
2218;Lufthansa
5900;Lufthansa
5450;Lufthansa
1454;Lufthansa
26189;Luisaviaroma
24429;Lulu Guinness
20975;Luminus Hair
26190;Lycamobile
26191;Lyco
27576;Lyft
5591;M And M Direct
26192;M Co
28827;Mac Cosmetics
21897;Machine Mart
4620;Mackeeper
4058;Macnificos
28547;Mactrade
28073;Macway
15143;Macys
19881;Made
16846;Magazine Luiza
28876;Magazines
22650;Magazines Direct
17596;Magic Costa Blanca Hoteles
17741;Magic Costa Blanca Hoteles
23102;Magic Madhouse
4690;Magix
26195;Mahabis
23396;Mainline Menswear
14799;Maison Du Monde
10564;Maison Du Monde
28604;Maison Du Monde
26197;Majestic Wine
21156;Maletia
1403;Mall
11483;Mall
26198;Malwarebytes
23590;Mama Mio
23124;Manchester United
20273;Mandm Direct
26200;Manfrotto
2921;Mango
8524;Mango
8107;Mango
21180;Mankind
18591;Mano Mano
28495;Manutan
13259;Maquillalia
19327;Marabraz
21994;Marathonbet
9278;Marathonia
9975;Marathonia
18694;Marbo Sport
9359;Marbo Sport
18463;Marca Apuestas
28300;Marca Apuestas
23383;Marella Cruises
10985;Marina D'Or
9800;Marina D'Or
20797;Marina D'Or
17595;Marina D'Or
18123;Marionnaud
16855;Marisa
22652;Marisota
5447;Markenkoffer
5891;Markenshop123
18855;Markoweobuwie
18853;Markoweobuwie
19865;Marks Spencer
12412;Marriott
6251;Marriott
15289;Marriott
26336;Marshall Headphones
18827;Martes Sport
18825;Martes Sport
13147;Martinelli
18473;Masmovil
6583;Maskota
4089;Masmovil
26743;Masmovil
3378;Masmusculo
10175;Masmusculo
12767;Massimo Dutti
28548;Massivmoebel25
5424;Massivum
21184;Matalan
20275;Match
1348;Materace Dla Ciebie
7373;Materace Dla Ciebie
3923;Material Escolar
4823;Matras
1374;Matras
5871;Matratzen Made In Germany
21254;Max Elektro
21253;Max Elektro
19042;Max Elektro
27902;Maxguitarstore
28739;Maxi Sport
28501;Maxi Toys
20953;Maxidom
15798;Maxmilhas
2927;Maxmovil
18525;Mbank
18523;Mbank
9691;Mcafee
5499;Mcafee
16461;Mcafee
11403;Mcdonalds
3741;Mcdonalds
5912;Mcshoppi
24333;Me Bags
24330;Me Bags
24682;Meble Bogart
24681;Meble Bogart
8416;Meble Pl
12471;Meble Pl
8417;Meble Pl
11328;Meblepumo
8617;Meblepumo
24425;Vox
7019;Vox
6974;Meblepumo
1345;Meblobranie
11534;Meblobranie
22762;Meblobranie
22930;Meblowiec
22927;Meblowiec
11405;Media Expert
1590;Media Expert
3120;Media Markt
1351;Media Markt
18849;Mediaset
5699;Mediherz
5486;Medion
3809;Meetic
8525;Meetic
16324;Megafon
5715;Megagadgets
23446;Megakoszulki
13025;Megakoszulki
8611;Megamedia
5738;Megando
5873;Megando
28549;Meinfoto
5724;Meinfoto
5910;Meinsofa
5741;Meinxxl
4067;Melia Hoteles
11384;Meller
1734;Melvita
5978;Memarmelade
5582;Menlook
26699;Mens Wearhouse
13429;Menspace
1453;Menspace
11501;Menspace
6666;Mequedouno
2929;Mercadona
7410;Merg
1324;Merg
18484;Meridiana
8342;Merkal
16608;Merkal
8736;Merkal
6333;Merlin
11434;Merlin
16464;Metin
27322;Meundies
5714;Meyer Mode
6134;Meyschmuck
13261;Mgi
3388;Mi Arte
10174;Miaffaire
13089;Michael Kors
28898;Michael Kors
26640;Michaels
26207;Micksgarage
13251;Microfusa
3489;Microsoft
8991;Microsoft
2217;Microsoft
5487;Microsoft
9459;Microsoft
6252;Mics Body Shop
28376;Miespana
28550;Mietwagencheck
16351;Mif
4008;Mifarma
5886;Miflora
1645;Milandi
3626;Milanoo
8734;Milanoo
5719;Milanoo
5935;Milanoo
7278;Mile Maison
26342;Miliboo
22923;Millets
4029;Mimub
8932;Mimub
13484;Minceur
26210;Minerva Crafts
17622;MiniInTheBox
2056;MiniInTheBox
8946;MiniInTheBox
5546;MiniInTheBox
16393;MiniInTheBox
7087;Ministerstwo Gadzetow
1515;Ministerstwo Gadzetow
12341;Ministore
27536;Minted
10049;Minti Shop
10690;Minty Dot
23536;Mio Skincare
5687;Mirabeau
28740;Mirabilandia
5661;Mirapodo
2938;Miscota
8646;Miscota
9575;Miss Hamptons
9574;Miss Hamptons
5721;Miss Selfridge
13278;Missguided
23050;Missoma
26212;Misspap
4156;Mister Auto
28846;Mister Good Deal
2941;Mister Spex
9160;Mister Spex
5667;Mister Spex
26580;Mister Spex
22057;Miugo
22056;Miugo
14035;Mk Cafe
12696;Mkfresh
18554;Mlamp Pl
18552;Mlamp Pl
27646;Mlb Shop
21827;Mobile Phone Direct
25053;Mobile Phone Direct
19888;Mobiles
27919;Mobisun
724;Mobly
7986;Modalia
8586;Modalia
6994;Modbis
7337;Modbis
28124;Modcloth
5951;Modehaus Henssler
5531;Modestern
5952;Modestern
20530;Modoline
20528;Modoline
5866;Moebel Direkt
28551;Moebel Eins
5939;Moebel Eins
5643;Moebel Ideal
5976;Moebel Ideal
5921;Moebel Lissy
5876;Moebelgalerieshop
28552;Moemax
7599;Mohito
12420;Mohito
19191;Moidziadkowie
19189;Moidziadkowie
19972;Mokobelle
19970;Mokobelle
3198;Moleskine
7177;Molly
16558;Molly
24840;Momondo
12861;Momondo
28502;Monde Bio
2081;Moneyman
1349;Monnari
22111;Monsoon
8335;Moo
9125;Moo
11549;Moodo
26812;Moondream
21259;Moonpig
27323;Moosejaw
7845;Morele Net
7133;Morele Net
12422;Morele Net
20279;Morrisons
20739;Mosquito
20738;Mosquito
1497;Mosquito
21899;Moss Bros
12881;Mostrami
27418;Motel 6
2242;Mothercare
27572;Motherhood Maternity
13518;Motoautko
13466;Motoblouz
18685;Motocentrum
18684;Motocentrum
28553;Motointegrator
1405;Motoricus
27818;Motorola
22720;Mountain Warehouse
22112;Mountain Warehouse
18756;Movelia
3428;Movistar
13088;Mr Gugu
28079;Mrowka
28077;Mrowka
27324;Mrs Fields
28235;Msc Industrial Supply
5534;Mstore
1780;Mts
3416;Muchoviaje
5673;Muji
7600;Multikino
11524;Multimedia
18963;Multu
18966;Multu
23083;Mumablue
2949;Mundobebes
8733;Mundobebes
21704;Mundomar
22054;Muscle Power
22052;Muscle Power
21865;Musicmagpie
15870;Mustache
2989;Mustang
14159;Mustang
16451;Mutua Madrid Open
1697;Muza
17027;Mvideo
13202;My Center
18254;Mymms
18252;Mymms
3279;My Protein
17074;My Shopru
5665;My Spexx
5822;My Wallsticker
27918;Mybag
27943;Mycooks
4685;Mydays
5648;Mydays
5867;Mydays
11641;Mydeal
11632;Mydeal
26347;Mydermacenter
11554;Mygiftdna
19082;Mygiftdna
8306;Myloview
18267;Myloview
7864;Mymms
20416;Mymms
21894;Mymemory
5535;Mymms
5482;Myparfum
5632;My Protein
8530;My Protein
11588;My Protein
5631;Mysportworld
10313;Mytaxi
1717;Mytoys
5620;Mytoys
23488;Mytyres
25752;Mytyres
23552;N26
18147;Na Kd
19165;Nabumbu
23538;Nails Inc
23480;Nails Inc
17974;Najlepszenajklejki
7200;Naklejk
28554;Naketano
27819;Namecheap
21893;Names
22091;Nasty Gal
10667;Naszezoo
27385;National Car Rental
20281;National Express
21869;National Trust
16905;Natue
6985;Natura
7075;Natura Market
13376;Natura
26774;Nature Decouvertes
23399;Natures Best
13135;Naturitas
5823;Naturstein Wieler
1275;Nazwa
24382;Nba
8459;Nba
11688;Ncplus
7144;Ncplus
7100;Ncplus
9815;Ncplus
28253;Nebo
8011;Neckermann
7029;Neckermann
28555;Neckermann
5771;Neckermann
27570;Neiman Marcus
18242;Neness
9966;Neo24
7018;Neo24
11312;Neonet
7247;Neonet
13528;Neostrada
23115;Nespresso
9441;Net Credit
1381;Netcar
16942;Netfarma
23055;Netflights
12427;Netflix
9242;Netflix
1294;Netia
7038;Netia
18142;Netmoda
16364;Netology
17087;Netprint Netprint
663;Netshoes
3712;Neumaticos
25105;Neumaticos
2932;Neumaticos
6008;Never Ending Shop
9520;New Balance
9349;New Balance
7935;New Balance
17635;NewChic
1392;New Look
9158;New Look
18302;New Padel
27459;New York Company
26442;New York Pass
11623;NewChic
28569;Newegg
26689;Newegg
24704;Newmarket Holidays
11611;Newpadel
1886;Next
16012;Nextdirect
6431;Nextdirect
26596;Nextel
8197;Nexterio
7240;Nexterio
12892;Nexto
1411;Nexto
26537;Nfl
27421;Nfl
2935;Nh Hoteles
9122;Nh Hoteles
5481;Nh Hoteles
26811;Nha
27387;Nhl
23282;Nieprzeczytane
23279;Nieprzeczytane
9928;Nike
8535;Nike
20284;Nike
9530;Nike
5600;Nike
7975;Nike
22144;Nike
2939;Nike
27569;Nine West
21958;Nintendo
21905;Nisbets
6742;Nivea
16340;Niyama
1365;Nju Mobile
7236;Nju Mobile
7804;Nn Hotels
24290;No1 Lounges
12451;Nocleg
13497;Nodik
25093;Noicompriamoauto
27939;Nolten
7866;Norauto
28777;Nord Vpn
28243;Nordicsklep
26642;Nordstrom
27422;Nordstrom Rack
26799;Nordvpn
8387;Northweek
9121;Northweek
3207;Norton
14559;Norton
2491;Norton
7858;Norwegian
25872;Not On The High Street
22857;Notebooksbilliger
6094;Notebooksbilliger
18198;Notino
23574;Not On The High Street
21966;Novatech
20285;Now Tv
25014;Now Tv
24286;Now Tv
5888;Nr 01
28245;Ns International
5622;Nu3
7461;Nucelle
23062;Nuffield Health
28127;Nutrisystem
12479;Nutritienda
16961;Nuuvem
24299;Nvidia
28831;Nyandcompany
18796;Nyx
17523;Nyx
1190;O Boticario
5693;O Neill
24609;O2
5672;O2
27986;Oad
8151;Oakley
9120;Oakley
11502;Obi
5530;Obi
5954;Obi
5946;Obst
7163;Obuwie Kent
20286;Ocado
28767;Ocm
11573;Oferplan
12502;Oferplan
10467;Burger King
11267;Playa Senator
11107;Viajes El Corte Ingles
23718;Off Premium
18447;Brico Io
18847;Huawei
8487;Ray Ban
3953;Offerum
9014;Offerum
2339;Office Depot
26643;Office Depot
18882;Office Shoes
10686;Office Shoes
22727;Gatwick Airport
22113;Gatwick Airport
1297;Ofin
2238;Ogo
25995;Ohra
8203;Okazje Eholiday
17113;Okej
1483;Oklejaj
26644;Old Navy
16102;Oldi
11411;Ole Ole
6561;Ole Ole
6015;Olerum
13453;Olive
1356;Olive
5854;Olivenoel
25884;Oliver Bonas
28557;Olymp
5502;Olymp
10104;Olympus
10029;Olympus
9823;Olympus
11553;Ombre
12878;Ombre
27930;Omoda
21374;On The Beach
2812;One
27567;One Kings Lane
27740;Oneplus
27566;Onetravel
1726;Onetwotrip
26783;Online
5704;Only Apartments
19325;Onofre
27885;Openbank
27932;Opinieland
4895;Opirata
9118;Opirata
13800;Opodo
5553;Opodo
5869;Opodo
7252;Opodo
1300;Opodo
7185;Opony
13200;Opony
16555;Opony
22383;Oportunides Dia
17784;Oppa
27997;Oppasland
27893;Opposuits
6212;Optykaworld
2832;Orange
8647;Orange
16624;Orange
1363;Orange
27712;Orbitz
23096;Ordnance Survey
6603;Origin
8591;Origin
10034;Orsay
5684;Orsay
1367;Orsay
2842;Oscaro
9117;Oscaro
5408;Oselection
8639;Oselection
10525;Osom
24569;Osovski
24567;Osovski
1819;Ostin
2045;Ostrovok
5615;Otelo
14047;Oteros
1715;Otto
5604;Otto
28558;Otto
5518;Outdoorshop
24311;Outdoorzy
7417;Outdoorzy
1487;Outdoorzy
11459;Outlet Rtv Agd
28805;Outletcity Metzingen
7396;Outletrtvagd
7889;Outletrtvagd
6432;Outletwatch
27822;Overnight Prints
26725;Overstock
5893;Owl Moebelhandel
5617;Oxfam Unverpackt
28356;Oxxio
2849;Oysho
17021;Ozon
17971;Ozoneo
17018;Ozontravel
21891;P&O Cruises
23487;P&O Ferries
18308;Pachnidelko
18306;Pachnidelko
8166;Packlink
19981;Paco Perfumerias
19982;Paco Perfumerias
27564;Pacsun
27978;Paddy Power
3667;Padel Nuestro
11609;Padel Nuestro
3755;Paf
11313;Pakamera
7245;Pakamera
13070;Pako Lorente
26776;Palladium
3599;Pampling
9114;Pampling
4629;Panda Security
11237;Pandora
9508;Pandora
9492;Pandora
22199;Pani Torbalska
22197;Pani Torbalska
11712;Pantofelek24
20289;Papa Johns Pizza
16337;Paper Shop
23522;Paperchase
18419;Papierowo
18420;Papierowo
23346;Parcel Hero
22871;Parcelforce Worldwide
23437;Parcel Hero
3389;Parfois
8730;Parfois
8871;Parfois
6253;Parfuemerie
22859;Parfumdreams
5574;Parfumdreams
4285;Paris
3720;Paris
23520;Park Plaza
23504;Park Plaza
5730;Parkett Direkt
26766;Parkinn
22640;Parque Atracciones Madrid
8631;Parque Atracciones Madrid
11146;Parque Atracciones Madrid
12482;Parrot
26810;Parter
9513;Partner Agd Rtv
18809;Party Fiesta
18334;Partybox
18807;Partybox
27901;Partywinkel
18861;Paskarz
18859;Paskarz
16908;Passarela
15530;Passarela
5990;Pastarie
22137;Paston
27538;Patagonia
23550;Payasugym
26646;Payless
21376;Pc World
2959;PC Componentes
8624;PC Componentes
12940;Pdpaola
22728;Peacocks
7973;Peek And Cloppenburg
28607;Peek And Cloppenburg
18568;Peixe Urbano
27563;Pep Boys
2721;Pepe Ganga
7939;Pepe Jeans
11585;Pepe Jeans
3188;Pepecar
3922;Percentil
18192;Perekrestok
21169;Perfect Fresh
21165;Perfect Fresh
1607;Perfect Fresh
10609;PerfectSport
27425;Perfumania
7859;Perfume Selectivo
9113;Perfume Selectivo
10083;Perfumeria
10831;Perfumeria
20915;Perfumerias Laguna
4038;Perfumes
18759;Perfumes 24 Horas
14411;Perfumes
11333;Perfumesco
7174;Perfumesco
11460;Perfumeria
10695;Perfumeria
5711;Personal Novel
27391;Personalizationmall
3918;Pestana
3933;Petclic
27460;Petco
28839;Petit Bateau
4903;Petit Palace
9112;Petit Palace
17114;Petrovich
22881;Pets At Home
5551;Pets Premium
27876;Petsonic
20961;Petsy
2516;Petsy
15807;Petz
5903;Pflanzenbringer
5995;Pflanzenwelt Biermann
28745;Pharmasi
1704;Philips
5429;Philips
25171;Philips
14759;Phone House
20291;Photobox
5577;Photobox
5760;Picanova
1329;Picco
9490;Pienso Y Mascotas
19287;Pier1
28795;Pier1
28541;Pierre Ricaud
8149;Pikolinos
11358;Pink Or Blue
5812;Pinkbox
7251;Pixartprinting
10089;Pixartprinting
28807;Pixum
5516;Pixum
22851;PizzaDE
21236;PizzaExpress
7121;Pizza Hut
13428;Pizza Hut
1605;Pizza Portal
26215;PizzaExpress
5513;Planet Sports
6845;Planeta Huerto
11291;Play
1432;Play
8422;Playa Senator
18988;Playmobil
23498;Playstation
26437;Plopsaland
1433;Plus
5717;Plus
5863;Plus
8546;Plus
17340;Plush
20293;Plusnet
23733;Pneu Store
28457;Pneusmart
23429;Po Ferries
20999;Poczta Kwiatowa
20997;Poczta Kwiatowa
6976;Pod Pierzyna
28809;Poetschke
12270;Pokemon Go
3732;Poker 888
4101;Pokerstars
21067;Pokerstars
13540;Pole Na Stole
23156;Polinesia
15478;Polishop
18957;Pollini Saldi
11479;PolskiBus
7603;PolskiBus
18356;Polskimarket
15304;Polskioptyk
122;Poltronesofa
23745;Ponto Dos Concursos
558;Ponto Frio
6542;Portaventura
22109;Portal Educacao
16590;Portaventura
5653;Porzellantreff
5813;Porzellantreff
28808;Posterxxl
1194;Posthaus
26375;Postnl
26352;Powersante
9432;Praktiker
28768;Prana
27875;Praxis
20294;Premier Inn
24294;Premier Man
9313;Prenatal
22912;Prestige Flowers
11373;Presto
1407;Presto
28589;Prettylittlething
21226;Prettylittlething
1410;Prezentmarzen
1328;Prezentokracja
17943;Prezenty
19289;Priceline
26648;Priceline
18799;Primagran
18797;Primagran
9024;Primark
18151;Primeriti
13115;Primor
16354;Printbar
28071;Printerpix
17787;Printi
2970;Privalia
9347;Privalia
7868;PrivateSportShop
8418;Prochnik
27427;Proflowers
28746;Profumeriaweb
16516;Proline
26398;Boticario
7149;Auchan
6367;Avon
7953;Gerry Weber
8613;HP
8614;Rozsadnie
6451;Sony
12860;Tesco
8425;Txm24
2972;Promod
9111;Promod
7001;Promod
3747;Promofarma
8728;Promofarma
7157;Prono
17019;Proskater
18536;Prosto
18537;Prosto
1277;Provident
8767;Prozis
18822;Prozis
18237;Ptakmoda
18235;Ptakmoda
9810;Publio Promocje
13502;Puccini
8341;Pull And Bear
12697;Pull And Bear
11271;Pull And Bear
7909;Pull And Bear
22784;Pullmantur
2168;Puma
28482;Puma
28010;Pure Energie
5852;Pure Nature
26354;Puressentiel
27392;Puritans Pride
26568;Purple Parking
24613;Pyszne
24611;Pyszne
24621;Pzu
8076;Qatar Airways
6335;Qatar Airways
5723;Quadocta
24870;Quandoo
23742;Quantum
12772;Que Bueno
8158;Que Bueno
1708;Quelle
5666;Quelle
13445;Quiksilver
2791;Quiksilver
27827;Quill
10092;Quiosque
21665;Quiosque
22114;Quiz Clothing
18516;R Gol
18514;R Gol
5765;Racheshop Gutschein
5606;Raddiscount
23521;Radisson Blu
23422;Radisson Blu
23506;Radisson Blu
22733;Radley
22115;Radley
7847;Rage Age
4194;Rail Europe
19903;Railcard
1426;Rajapack
19035;Rajapack
3993;Rakuten
8533;Rakuten
8016;Ralph Lauren
8810;Ralph Lauren
28810;Rameder
11016;Ralph Lauren
23400;Rapid Online
26501;Rappi
22891;Rated People
11487;Ravelo
12703;Ravelo
6406;Ravelo
7908;Ray Ban
23544;Ray Ban
21960;Razer
24470;Razer
26752;Readly
28811;Rebuy
28298;Recambioscoches
12680;Recambioscoches
24471;Recambioscoches
14786;Recambioscoches
27950;Recargapay
19931;Recargapay
1273;Recman
28782;Red By Sfr
19902;Red Letter Days
5422;Redcoon
1408;Redcoon
17973;Reddonkey
17110;Redmond
8305;Redro
20983;Redro
5744;Reebok
18106;Reebok
8296;Reebok
7914;Regalador
23166;Regalador
7979;Regalos
11191;Regalos
14706;Regalos
27428;Rei
28812;Reifen
26424;Reima
24551;Reiss
27904;Relatieplanet
20703;Rendezvous
10156;Renee
6483;Renfe
20016;Renner
28530;Rent A Car
3826;RentalCars
14589;RentalCars
20442;RentalCars
16979;Rentcars
23723;Reserva
7605;Reserved
13512;Reserved
6379;Resorthoppa
16266;Restore
6282;Retto
8973;Retto
27530;Revolve
28813;Rewe
22039;Riachuelo
513;Ricardo Eletro
1402;Riccardo
23319;Rideways
19194;Riskmadeinwarsaw
19192;Riskmadeinwarsaw
3977;Riu Hotels
14450;Riu Hotels
20297;River Island
23026;Robert Dyas
5740;Robin Look 24
23239;Rocks
28814;Roland Schuhe
5623;Rollomeister
23448;Roman
1977;Romwe
18781;Room Mate
20492;Rosaoazul
28481;Rose Bikes
22781;Rose Wholesale
19044;Rosegal
19940;Rosegal
5511;Rosenbote
5992;Rosenthal
21907;Rosewholesale
7977;Rossmann
23060;Route One
3101;Roxy
9106;Roxy
8442;Royal Garden Villas
5865;Royaldesign
11505;Rozsadnie
11376;Rtv Euro Agd
1318;Rtv Euro Agd
26779;Rue Commerce
27396;Rue La La
26349;Ruedeladeco
28769;Rue La La
3146;Rumbo
8580;Rumbo
18539;Run Colors
18540;Run Colors
18542;RunnersClub
1683;RunnersClub
5484;Runnerspoint
23397;Rutland Cycling
7608;Ryanair
7607;Rylko
23401;Ryman
5933;S Leuchten
22863;S Oliver
5753;S Oliver
20914;Saba Aparcamientos
21162;Sabanalia
18165;Sadowniczy
24694;Sage
20298;Sainsbury S
25015;Sainsbury S
27527;Saks Fifth Avenue
27306;Saks Off Fifth
28130;Saks Off Fifth
23747;Saldao Da Informatica
19975;Salomon
19973;Salomon
10642;Salon Porcelany Pl
12707;Salsa
27345;Sam Edelman
2358;Sams
8047;Sammy Dress
11025;Sammy Dress
9514;Sammy Dress
15284;Sams
26692;Sams
16265;Samsonite
2241;Samsung
9581;Samsung
28559;Samsung
9811;Samsung
27987;Sanadome
28886;Sandisk
21106;Sandos Hotel
15753;Sandro Moscoloni
28560;Sanicare
28492;Saniweb
8471;Santafixie
9100;Santafixie
25170;Santander
25169;Santander
622;Saraiva
3008;Sarenza
8532;Sarenza
18021;Saturn
5644;Saturn
28051;Savedo
23675;Savicki
23642;Savicki
5767;Sc24 Com
12828;Scalpers
28523;Schaffashoes
28522;Schaffashoes
5526;Schecker
5702;Schlafwelt
6141;Schlummersack
5697;Schmidt Spiele
27968;Scholl
19873;Schuh
25200;Schutzklick
5579;Schwab
28561;Schwab
18281;Marozzi
18400;Rainbow Magicland
28562;Scoyo
20301;Screwfix
15245;Sears
5431;Seatwave
21862;Secretsales
3781;Securitas Direct
26348;Securite Good Deal
28563;Segmueller
22726;Selectcamp
22724;Selectcamp
17339;Selfieroom
28880;Selfridges
6336;Selkar
5996;Seltmann Weiden
25185;Semprefarmacia
5435;Sennheiser
654;Sephora
1634;Sephora
12215;Sercotel
3128;Sercotel
23003;Serenata Flowers
28954;Sestini
8132;Sexshop112
13451;Sexshop112
9358;Sfera Lumina
11276;Sferis
1693;Sfmeble
26818;Sfr
27934;Shabbies Amsterdam
4110;Shana
27522;Sharis Berries
5685;Shave Lab
8429;SheIn
28564;Sheego
5558;Sheego
10606;SheIn
9150;SheIn
4330;SheIn
6399;Shinybox
22116;Shoeaholics
27520;Shoes
28867;Shoetime
22995;Shop Apotheke
5508;Shop Apotheke
4104;Shop Disney
9167;Shop Disney
24732;Shop Springer
15564;Shop2Gether
28133;Shopbop
22974;Shopfacil
8443;Shopiteca
16825;Shoptime
22902;Shopto
4074;Shopty
23743;Shoulder
11379;Showroom
7264;Showroom
2988;Showroom
11029;Showroomprive
9096;Showroomprive
25959;Shtoranadom
19261;Shutterfly
6057;Shutterstock
8727;Shutterstock
22688;Siam Park
5955;Sichtschutzwaende 24
5563;Sidestep
16565;Siegaj Po Zdrowie
1484;Siegaj Po Zdrowie
26470;Sightseeing Pass
5934;Silvity
24683;Simba Sleep
11544;Simple
11658;Simple
28281;Simplesurance
19877;Simply Be
23490;Simply Business
7807;Simply Supplements
8814;Simply Supplements
10069;Simyo
8531;Simyo
3807;Simyo
2353;Sindelantal
5441;Singapore Air
5572;Sinnleffers
11481;Sinsay
12283;Sinsay
18423;Siroko
15294;Six Flags
3215;Sixt
8982;Sixt
23182;Size
11381;Sizeer
6448;Sizeer
28487;Ski Planet
23578;Skladnica Ksiegarska
23576;Skladnica Ksiegarska
17274;Sklep Biegowy
17276;Sklep Dla Turysty
20042;Sklep Intymny
20041;Sklep Intymny
18518;Sklep Luz
10649;Sklep Luz
21872;Sklep Puregreen
11564;Sklep Puregreen
21075;Sklum
23053;Skupszop
23052;Skupszop
20303;Sky
1920;Skyscanner
5500;Skyscanner
9836;Skyscanner
25997;Slagharen
23524;Slamdunk
17921;Slimwallet
17809;Slot
8355;Smaczna Herbata
9417;Smaczna Herbata
5746;Smallable
3105;Smartbox
5538;Smartbuyglasses
26513;Smartprice
26534;Smashbox
5970;Smoothy
11301;Smyk
1285;Smyk
20305;Smyths Toys
23526;Snapfish
5483;Snapfish
1753;Snezhnaya Koroleva
28565;Snipes
9443;Snow Shop
8312;Snowinn
19084;Snow Shop
23312;Soak Sleep
5749;Soccer Fans Shop
23612;Social Deal
27346;Society6
22922;Sofas World
28455;Sogexia
11461;Solier
1677;Solier
26378;Soliver
18179;Solve
18180;Solve
3936;Sombrero Shop
10072;Sombrero Shop
28878;Son Video
5418;Sony
1474;Sony
4295;Sony
13539;Soox Kod
28749;Sorgenia
26819;Sosh
1637;Soulshop
6275;Sowas Will Ich Auch
28039;Spa Seekers
24318;Spabreaks
25885;Space Nk
27985;Spaonline
28014;Spapuur
28566;Sparhandy
1395;Spartoo
5590;Spartoo
5890;Spartoo
28031;Spaseekers
18533;Speak Up
5515;Spectabo
28002;Speedy
6000;Spiceboxx
5766;Spicystyles
5931;Spicystyles
5701;Spiele Max
27515;Spirit Halloween
3728;Sport 888
5763;Sport Saller
24851;Sport Scheck
7794;Sport Shop
8368;Sport Shop
5522;Sport Thieme
9952;Sport Zone
17918;Sportclub
11227;Sportingbet
4103;Sportium
17022;Sportmaster
17278;Sportowy Sklep
19866;SportsDirect
18285;Sports Shoes
5491;Sport Scheck
13571;SportsDirect
13394;Sports Shoes
9970;Sports Shoes
25822;Sports Shoes
23240;Spotahome
24340;Spotify
23025;Spreadshirt
5752;Spreadshirt
24733;Springer Shop
3423;Springfield
8644;Springfield
27514;Sprint
7096;Sprintero
27973;Sprookjescamping
18512;Squla
18510;Squla
20307;Sse
21902;Sta Travel
26793;Staatsloterij
27513;Stamps
19273;Staples
5681;Staples
11567;Stellar Data Recovery
11344;Stena Line
7146;Stena Line
6202;Stena Line
27511;Steve Madden
5660;Stiefelparadies
3960;Stikets
5999;Stilbasis
28568;Stoffe De
6005;Stoffe De
17073;Stolplit
11386;Stradivarius
14154;Stradivarius
7609;Stradivarius
28596;Straight Talk
5804;Strauss Innovation
18582;Street Padel
3668;Street Padel
18320;StreetProRunning
12899;Street Style
13234;Strefa Tenisa
13517;Strefa Urody
27350;Stride Rite
27510;Stubhub
28352;Studentendrukwerk
21227;Studio
13016;Stylebop
5968;Styleicone
6016;Styleserver
13239;Stylowebuty
8433;Subasta De Ocio
9092;Subasta De Ocio
25477;Subasta De Ocio
633;Submarino
17785;Submarino Viagens
8114;Subway
8299;Subway
4093;Suertia
17674;Sufrdome
7838;Sum Up
22098;Sun And Snow
22097;Sun And Snow
27924;Suncamp Holidays
25181;Sunnycars
28359;Sunnycars
25178;Sunweb
12185;Suop
11235;Super Koszyk
18565;Super Pharm
18563;Super Pharm
12735;Super Prezenty
3698;Superstudio
6376;Superama
20308;Superdrug
3368;Superdry
9156;Superdry
10321;Superestudio
17908;Supergalanteria
19019;Superkoszyk
1376;Superkoszyk
8370;Superkoszyk
6445;Supermercados Dia
28750;Supermercato24
16548;Superperfumerias
28496;Supersaver
7041;Supersklep
11322;Supersklep
6267;Supersport
10349;Superstudio
12478;Surania
8447;Surfdome
23181;Suttons
5748;Svh24
17017;Svyaznoi
3002;Swarovski
8899;Swarovski
5554;Swarovski
1665;Swarovski
16563;Swarovski
21260;Sweetsen
21257;Sweetsen
19081;Swiat
19079;Swiat
5544;Swiminn
3557;Swiss Air
22160;Swiss Air
22741;Swiss Air
18680;Swiss Air
14210;Swiss Air
23122;Swoon Editions
20309;Sykes Cottages
11357;Sympatia
1272;Sympatia
1359;Szkla
9841;Szkla
11467;Szkla
21068;Szopi
21066;Szopi
27436;Tjmaxx
22475;T M Lewin
11391;T Mobile
5462;T Mobile
1369;T Mobile
27894;T Mobile
5565;Tailor
28844;Talbots
24234;Talktalk
20310;Talktalk
15480;Tam
11547;Tania Ksiazka
1603;Tania Ksiazka
18986;Tania Lazienka
18108;Tania Lazienka
21786;Tanisport
21785;Tanisport
28074;Tannico
16272;Tanuki
28919;Tanzania Specialist
14396;Tap Air Portugal
3869;Tap Air Portugal
9090;Tap Air Portugal
5991;Tapeterie
22037;Taqi
19245;Target
28574;Tarte Cosmetics
6665;Tassimo
8193;Tatuum
7385;Tatuum
4765;Tchibo
5794;Tchibo
1282;Tchibo
5501;Teamsportbedarf
5706;Technikdirekt
26385;Technopark
16370;Techport
20311;Ted Baker
28526;Teddy Smith
16306;Tefal
17123;Tele2
27507;Teleflora
12501;Telekarma
6277;Telekom
2823;Telepizza
8895;Telepizza
6900;Telescopiomania
9086;Telescopiomania
21972;Teletext Holidays
7238;Mango
20032;Telhanorte
12203;Telimena
11083;Tennis Point
13583;Tenvinilo
16547;Tera
21698;Terra Mitica
6863;Terravision
11484;Tesco
12884;Tescoma
20801;Testabox
18450;Tezenis
18494;Tezenis
23027;Teztour
27946;Thalasseo
28804;Thalia
5490;Thalia
16949;The Beauty Box
2838;The Body Shop
12367;The Body Shop
8725;The Body Shop
5868;The Body Shop
5783;The Cereal Club
26656;The Childrens Place
26698;The Container Store
27835;The Great Courses
18907;The Hip Tee
19255;The Home Depot
24331;The Hut
24727;The Idle Man
5641;The Jeweller
3414;The London Pass
4304;The North Face
9085;The North Face
21747;The Perfume Shop
10717;The Phone House
9580;The Protein Works
12907;The Protein Works
21863;The Range
22118;The Royal Mint
22462;The Style
22461;The Style
23541;The Sub
23542;The Sub
23103;The Ticket Factory
20313;The Times
27490;Vitamin Shoppe
27351;The Walking Company
22895;The Westminster Collection
19896;The White Company
21832;The Works
23568;Theatre Tickets Direct
5507;The Body Shop
21267;The Perfume Shop
28006;Thermae 2000
27506;Things Remembered
5597;Thinkstock
2843;Thomann
20315;Thomas Cook
22080;Thomas Cook
5772;Thomas Cook
28802;Thomas Cook
21840;Thompson & Morgan
26450;Thorpe Park
28924;Thrifty
26481;Thuisbezorgd
16510;Tibidabo
3403;Ticket Master
4602;Ticket Network
13432;Ticketea
11038;Ticketmaster
9087;Ticketmaster
25994;Ticketveiling
18291;Tidebuy
18312;Tidebuy
12227;Chivas
14505;Tienda Del Real
12230;Nfl
15233;Oficial America
2858;Real Madrid
6321;Tiendacartucho
19013;Desigual
20976;Desigual
7715;Tiendanimal
10366;Tiendanimal
27504;Tillys
1368;Timberland
8324;Timberland
26356;Time By Me
22390;Time For Fashion
22369;Time For Fashion
20318;Time Magazine
5683;Time Zone
4053;Tinydeal
9940;Tinydeal
28774;Tire Rack
27503;Tirebuyer
4109;Titan Bet
28835;Tjmaxx
20319;Tk Maxx
25670;T M Lewin
1698;Tolpa
8847;Tolpa
1721;Tom Tailor
5707;Tom Tailor
2883;Tomtom
23344;Tombola
2890;Tommy Hilfiger
8723;Tommy Hilfiger
26261;Toms
28579;Tom Tailor
7122;Tomtom
9081;Tomtom
4072;Tomtop
9239;Tomtop
14046;Tomtop
27499;Too Faced
21262;Tooles
21263;Tooles
26286;Toolon
26265;Toolon
23371;Toolstop
1861;Topshop
1787;Topbrands
4659;Topman
23297;Topps Tiles
4468;Topshop
7799;Topshop
27305;Torrid
27475;Tory Burch
2895;Tous
8539;Tous
13568;Tous
8150;Toy Planet
19930;Toysrus
2900;Toysrus
5682;Toysrus
10133;Toysrus
8538;Toysrus
28611;Tracfone
27497;Tracfone
6139;Trachten Dirndl Shop
28234;Tractor Supply
9833;Tradeinn
20321;Trainline
16384;Tramas
16383;Tramas
17924;Tramp4
25176;Transavia
22885;Transferwise
5781;Travador
3948;Travel2Be
4912;Travelata
8309;Travelbird
27983;Traveldeal
8332;Travelgenio
11395;Travelist
6669;Travelist
26733;Travelocity
19864;Travelodge
27724;Travelsmith
27960;Traveltroef
20323;Travelzoo
8657;Traventia
16460;Travian
28034;Travis Perkins
10488;Treatwell
10222;Trena
1699;Trendsetterka
5920;Trend Taschen 24
5479;Trikot
15869;Triny
5844;Trip
6859;Tripadvisor
8698;Tripadvisor
10162;Tripadvisor
4744;Tripsta
7061;Tripsta
6345;Tripsta
8818;Tripsta
7976;Triumph
3775;Trivago
10155;Triverna
17786;Trocafone
5908;Trockenfrucht24
19024;Tronsmart
22898;Trouva
28008;Trouwkaartenwinkel
28775;True Religion
28029;Truffle Shuffle
28148;Trunk Club
3200;Tu Despensa
10317;Tuandco
10341;Tuandco
14459;Tu Despensa
11420;Tui
5777;Tui
1372;Tui
5795;Tui
22775;Tuimeilibre
22165;Tulotero
11607;Tumejoritv
23232;Turbo
25980;Tuszyte
25978;Tuszyte
3349;Tutete
8722;Tutete
26446;Tutu
23373;Tv Player
13205;Tv Player
16293;Tvoe
23411;Tv Player
24692;Tweak Slumber
24418;Tweeks Cycles
23021;Twinkle Deals
22890;Twinkle Deals
10664;Twoj Pasaz
8336;Txm24
11709;Txm24
23430;Tyres On The Drive
8481;Uber
12967;Uber
17310;Uber
17912;Ubierajdziecko
17922;Ubierz Swoje Sciany
27931;Ubisoft
17524;Ucando
13044;Udemy
24288;Ugg
5594;Uhr24
5733;Uhr Center
5655;Uhren4You
5907;Uhrenvielfalt
23452;Puma
23435;Uk2
8458;Ulabox
9077;Ulabox
8670;Ulanka
17051;Ulmart
26660;Ulta Beauty
10675;Under Armour
10485;Under Armour
8009;Under Armour
18422;Undiz
28751;Unieuro
11240;Unisono
1438;Unisono
26468;Unitymedia
5729;Unlimited Outdoor
28855;Uno 50
2867;Uno 50
11463;Upc
1414;Upc
11557;Urban City
12503;Urban Decay
10042;Urban Decay
24284;Urban Industry
5695;Urban Outfitters
16481;Urban Outfitters
10079;Urban City
10323;Urban City
20807;Urban Decay
1649;Urban Outfitters
11595;Urwis
20328;Uswitch
12783;Uterque
2182;Utkonos
1176;Uva Rosa
6467;Uvinum
10149;Uvinum
24605;Vabisabi
22729;Vacanceselect
22731;Vacanceselect
23633;Vakantieveilingen
11080;Atrapalo
10472;Cash Converters
11261;Etuyo
12590;Nba
12627;Telescopiomania
5559;Valentins
5787;Valentins
5759;Valmano
17951;Valtur
1825;Vam Svet
27926;Van Arendonk
16431;Van Graaf
23004;Van Meuwen
27895;Van Haren
7910;Vans
9074;Vans
8323;Vans
25673;Vans
5906;Variago
23548;Vax
13050;Vayava
17115;Vce Inctrumenty
11435;Vectra
1419;Vectra
5917;Vedea
27477;Vegas
2878;Venca
5421;Venere
5872;Venere
11399;Venezia
2896;Vente Privee
27492;Vera Bradley
28928;Verizon
26700;Verizon
5595;Verleihshop
3211;Vero Moda
5633;Versandapo
3257;Vertbaudet
8692;Vertbaudet
6118;Vertbaudet
28752;Verti
5778;Verwoehnwochenende
5800;Verwoehnwochenende
19859;Very
22101;Vestiaire Collective
5651;Vfg
6257;Via Appia
5247;Viagogo
6946;Viagogo
8636;Carrefour Travel
3148;Viajes El Corte Ingles
9000;Viajes El Corte Ingles
6299;Viator
4153;Viator
9073;Viator
6018;Vicampo
1958;Vichy
24782;Victorian Plumbing
26661;Victorias Secret
6865;Vidaxl
7985;Vidaxl
15857;Vidaxl
11053;Vik Hotels
10741;Vik Hotels
3245;Vik Hotels
5161;Viking
3333;Viking
9072;Viking
5816;Villatmo
27836;Vimeo
27479;Vineyard Vines
3493;Vino Seleccion
6009;Vinos
26756;Viovet
18973;Vips
23579;Virgin Flight Hotel
21833;Virgin Experience
28246;Virgin Flight Hotel
28043;Virgin Flight Hotel
23581;Virgin Holidays
19883;Virgin Media
11401;Virgin Media
6787;Virgin Media
23737;Virtual Joias
14029;Virtualo
6346;Virtualo
20776;Vision Direct
8811;Vision Direct
23549;Vision Direct
11402;Vision Express
1373;Vision Express
7882;Vision Direct
1702;Vissavi
7435;Vissavi
5343;Vistaprint
2914;Vistaprint
8537;Vistaprint
5459;Vistaprint
26745;Vistoenpantalla
11432;Vistula
1499;Vistula
26701;Vitacost
5557;Vitalsana
28593;Vitamin Shoppe
27356;Vitamin World
5927;Viva Gourmet
2564;Viva Aerobus
15580;Vivara
22010;Vive La Suerte
24328;Vivre
24326;Vivre
1281;Vivus
7059;Vivus
23634;Vliegtickets
2916;Vodafone
9069;Vodafone
9320;Voga
5128;Voga
5725;Voga
8717;Voga
5915;Voga
18940;Volcano Teide
3867;Volotea
9008;Volotea
26585;Voordeeluitjes
5380;Vorwerk
5680;Vorwerk
10802;Flixbus
8486;Tomtom
7284;Vox
4088;Voyage Prive
17687;Voyage Prive
5012;Sncf
23427;Sncf
27480;Vrbo
13019;Vtech
2226;Vueling
8577;Vueling
8409;Vueling
8407;W Kruk
20334;Waitrose
21176;Waitrose Cellar
21177;Waitrose Florist
24752;Waitrose Pet
19265;Walgreens
5958;Wall Art
5273;Wallis
22499;Wallis
645;Walmart
27955;Disney Holidays
10536;Wanabet
5905;Wandmotive
16462;War Thunder
27540;Warby Parker
24916;Warner Beach
26251;Warner Beach
25449;Watch Shop
5755;Watchever
21228;Watch Shop
20335;Wayfair
16501;Waynabox
13396;Wayook
26008;Western Digital
3989;We Are Knitters
18561;We Are Knitters
21956;We Buy Any Car
23725;Webcontinental
3967;Webempresa
26595;Webmotors
7006;Wec
23628;Weekendje Weg
5686;Weg
18109;Wegirls
26011;Weight Watchers
5452;Might Be Global Or Similar
27947;Might Be Global Or Similar
5817;Weinlet
5529;Weinvorteil
9532;Wellindal
10077;Wellindal
5727;Welt Der Spielwaren
6020;Weltbild
5439;Weltbild
5640;Wenz
5739;Werbescheibe
28030;Western Digital
1421;Western Union
27488;Westmarine
5747;Weststyle
1724;Westwing
5799;Westwing
12742;Westwing
21750;Wetaca
20336;Wex Photo Video
26744;Which
27487;White House Black Market
22119;White Stuff
5838;Whittard
22840;Whsmith
20337;Wickes
7202;Wiedza
3490;Wiggle
8803;Wiggle
23627;Wijnvoordeel
1718;Wildberries
23630;Wildlands
21654;Wilko
20339;Wilko
3726;William Hill
3372;Wimdu
8543;Wimdu
9331;Wimdu
8497;Wind
15567;Wine Br
27357;Wine
22557;Wipoid
5896;Wir Bedrucken Mehr
11404;Wittchen
3987;Wix
6587;Wizzair
11464;Wkruk
6347;Woblink
5963;Wohnglueck
5821;Wohnstation
7773;Wojas
18114;Wojas
8067;Wojas
11302;Not Existing Anymore
1422;Not Existing Anymore
1546;Wolczanka
9573;Wolfnoir
9572;Wolfnoir
16452;Wolni Farmerzy
27486;Woman Within
3090;Women Secret
8689;Women Secret
14176;Women Secret
2882;Wonderbox
4158;Wonga
6381;Wonga
12894;Wonga
5568;Woodlike
15851;Woodmint
22886;Wordery
22894;World Lottery Club
27442;World Market
11474;World Of Tanks
5552;World Of Western
17905;Worldbox
2885;Worten
20340;Wowcher
11506;Wsip
14283;Wuaki Tv
6575;Wuaki Tv
27937;Wunderland Kalkar
5754;Wunschlikoer
27402;Wwe
22887;Xbox
7843;Xcaret
9006;Xcaret
27443;Xfinity
13573;Xiaomi
18377;Xiaomi
18821;Xiaomi4You
18818;Xiaomi4You
17069;Xolodilnikru
13581;Xti
2888;Xtralife
9067;Xtralife
5663;XxxL shop
27484;Yankee
8632;Yelmo Cines
7344;Yerba Mate Store
6975;Yerba Mate Store
10159;Yes
10663;Yes Sport
2967;Yoigo
8542;Yoigo
10635;Yoins
2974;Yoox
8684;Yoox
2080;Yoox
25080;Younited Credit
22896;Yours Clothing
5589;Your Surprise
1573;Yups
16412;Yups
1352;Yves Rocher
8975;Yves Rocher
5514;Yves Rocher
3206;Zacaris
18417;Zadowolenie
11125;Zadowolenie
18287;Zaful
18393;Zaful
16542;Zaful
28068;Carrefour
28062;Carrefour
2984;Zalando
8526;Zalando
5453;Zalando
1476;Zalando
22121;Zalando Lounge
22120;Zalando Lounge
21249;Zalando Lounge
18310;Zalando Lounge
26664;Zales
22059;Zapals
16406;Zapals
26758;Zapatos
2987;Marypaz
12490;Zara
12785;Zara Home
2227;Zarina
8317;Zatro
9066;Zatro
10578;Zattini
2990;Zavvi
8541;Zavvi
21892;Zazzle
20670;Zdravcity
27483;Zenni Optical
23351;Zentr
5635;Zesox
17901;Zgoda Fc
11678;Zlote Wyprzedaze
1334;Zlote Wyprzedaze
11533;Znak
18117;Znak
13500;Zoio
11503;Zolti
1447;Zolti
27898;Zoo Adventure
22065;Zoo Madrid
5592;Zoo Royal
3003;Zooplus
8540;Zooplus
5523;Zooplus
1425;Zooplus
26230;Zsl London Zoo
5601;Zur Rose
5485;Zweitausendeins
24653;Econica
